2026-02-22 20:25:56,417 - INFO - Snowflake Connector for Python Version: 4.3.0, Python Version: 3.11.9, Platform: Windows-10-10.0.26200-SP0
2026-02-22 20:25:56,418 - INFO - Connecting to GLOBAL Snowflake domain
2026-02-22 20:25:57,107 - INFO - Found credentials in shared credentials file: ~/.aws/credentials
2026-02-22 20:26:10,697 - INFO - Inserted purchase: ('Michelle Jacobs', 'Phone', 1162.89, datetime.datetime(2026, 2, 22, 20, 26, 10, 273292))
2026-02-22 20:26:14,589 - INFO - Inserted purchase: ('Thomas Gordon', 'Phone', 1726.48, datetime.datetime(2026, 2, 22, 20, 26, 13, 699179))
2026-02-22 20:26:18,055 - INFO - Inserted purchase: ('Stacy Jenkins', 'Tablet', 279.46, datetime.datetime(2026, 2, 22, 20, 26, 17, 591714))
2026-02-22 20:26:21,575 - INFO - Inserted purchase: ('Melissa Copeland', 'Laptop', 1417.14, datetime.datetime(2026, 2, 22, 20, 26, 21, 57135))
2026-02-22 20:26:25,018 - INFO - Inserted purchase: ('Shirley Bell', 'Headphones', 565.79, datetime.datetime(2026, 2, 22, 20, 26, 24, 576042))
2026-02-22 20:26:28,627 - INFO - Inserted purchase: ('Brenda Barnett', 'Laptop', 1532.87, datetime.datetime(2026, 2, 22, 20, 26, 28, 20033))
2026-02-22 20:26:32,477 - INFO - Inserted purchase: ('Mr. Scott Burton', 'Laptop', 51.0, datetime.datetime(2026, 2, 22, 20, 26, 31, 628673))
2026-02-22 20:26:35,962 - INFO - Inserted purchase: ('Sarah Maddox', 'Phone', 1600.87, datetime.datetime(2026, 2, 22, 20, 26, 35, 479369))
2026-02-22 20:26:39,415 - INFO - Inserted purchase: ('Christopher Gonzales', 'Laptop', 1673.43, datetime.datetime(2026, 2, 22, 20, 26, 38, 963301))
2026-02-22 20:26:42,850 - INFO - Inserted purchase: ('Jessica Richards', 'Laptop', 682.19, datetime.datetime(2026, 2, 22, 20, 26, 42, 417545))
2026-02-22 20:26:46,281 - INFO - Inserted purchase: ('Anthony Cunningham', 'Tablet', 69.01, datetime.datetime(2026, 2, 22, 20, 26, 45, 852681))
2026-02-22 20:26:49,986 - INFO - Inserted purchase: ('James Miller', 'Laptop', 243.29, datetime.datetime(2026, 2, 22, 20, 26, 49, 282564))
2026-02-22 20:26:53,550 - INFO - Inserted purchase: ('Patricia Jones', 'Phone', 944.61, datetime.datetime(2026, 2, 22, 20, 26, 52, 988771))
2026-02-22 20:26:57,020 - INFO - Inserted purchase: ('Emily Gallegos', 'Laptop', 611.64, datetime.datetime(2026, 2, 22, 20, 26, 56, 552536))
2026-02-22 20:27:00,532 - INFO - Inserted purchase: ('Logan Kennedy', 'Laptop', 293.99, datetime.datetime(2026, 2, 22, 20, 27, 0, 21531))
2026-02-22 20:27:04,147 - INFO - Inserted purchase: ('Brandy Brown', 'Tablet', 1648.06, datetime.datetime(2026, 2, 22, 20, 27, 3, 533882))
2026-02-22 20:27:07,674 - INFO - Inserted purchase: ('Valerie Montgomery', 'Headphones', 578.33, datetime.datetime(2026, 2, 22, 20, 27, 7, 149562))
2026-02-22 20:27:11,147 - INFO - Inserted purchase: ('Janice Stephenson', 'Phone', 459.24, datetime.datetime(2026, 2, 22, 20, 27, 10, 676072))
2026-02-22 20:27:14,702 - INFO - Inserted purchase: ('Brian Johnson', 'Phone', 1125.36, datetime.datetime(2026, 2, 22, 20, 27, 14, 148339))
2026-02-22 20:27:18,172 - INFO - Inserted purchase: ('Charles Smith', 'Tablet', 1489.1, datetime.datetime(2026, 2, 22, 20, 27, 17, 704659))
2026-02-22 20:27:21,649 - INFO - Inserted purchase: ('Steven Marshall', 'Laptop', 1959.93, datetime.datetime(2026, 2, 22, 20, 27, 21, 173823))
2026-02-22 20:27:25,116 - INFO - Inserted purchase: ('Nicholas Lowery', 'Tablet', 1874.29, datetime.datetime(2026, 2, 22, 20, 27, 24, 650963))
2026-02-22 20:27:28,760 - INFO - Inserted purchase: ('Jesse Taylor', 'Tablet', 1383.9, datetime.datetime(2026, 2, 22, 20, 27, 28, 118251))
2026-02-22 20:27:32,317 - INFO - Inserted purchase: ('Brian Santana', 'Tablet', 895.12, datetime.datetime(2026, 2, 22, 20, 27, 31, 762759))
2026-02-22 20:27:35,739 - INFO - Inserted purchase: ('Pamela Smith', 'Phone', 994.38, datetime.datetime(2026, 2, 22, 20, 27, 35, 318636))
2026-02-22 20:27:39,192 - INFO - Inserted purchase: ('Benjamin Turner', 'Laptop', 1085.82, datetime.datetime(2026, 2, 22, 20, 27, 38, 740382))
2026-02-22 20:27:42,729 - INFO - Inserted purchase: ('Ryan Orr', 'Laptop', 792.29, datetime.datetime(2026, 2, 22, 20, 27, 42, 193727))
2026-02-22 20:27:46,166 - INFO - Inserted purchase: ('Todd English', 'Tablet', 781.89, datetime.datetime(2026, 2, 22, 20, 27, 45, 730885))
2026-02-22 20:27:49,642 - INFO - Inserted purchase: ('Tracy Lambert', 'Tablet', 1460.81, datetime.datetime(2026, 2, 22, 20, 27, 49, 168388))
2026-02-22 20:27:53,255 - INFO - Inserted purchase: ('Susan Dixon', 'Tablet', 244.69, datetime.datetime(2026, 2, 22, 20, 27, 52, 643721))
2026-02-22 20:27:56,769 - INFO - Inserted purchase: ('Angela Simon', 'Laptop', 888.7, datetime.datetime(2026, 2, 22, 20, 27, 56, 258031))
2026-02-22 20:28:00,176 - INFO - Inserted purchase: ('Susan Rios', 'Phone', 1099.62, datetime.datetime(2026, 2, 22, 20, 27, 59, 771488))
2026-02-22 20:28:03,724 - INFO - Inserted purchase: ('Shelly Aguilar', 'Laptop', 1020.66, datetime.datetime(2026, 2, 22, 20, 28, 3, 178102))
2026-02-22 20:28:07,219 - INFO - Inserted purchase: ('Emily Sullivan', 'Laptop', 1230.82, datetime.datetime(2026, 2, 22, 20, 28, 6, 725579))
2026-02-22 20:28:10,996 - INFO - Inserted purchase: ('Melissa Terry', 'Phone', 915.41, datetime.datetime(2026, 2, 22, 20, 28, 10, 221444))
2026-02-22 20:29:24,718 - INFO - Snowflake Connector for Python Version: 4.3.0, Python Version: 3.11.9, Platform: Windows-10-10.0.26200-SP0
2026-02-22 20:29:24,719 - INFO - Connecting to GLOBAL Snowflake domain
2026-02-22 20:29:25,386 - INFO - Found credentials in shared credentials file: ~/.aws/credentials
2026-02-22 20:29:39,286 - INFO - Inserted purchase: ('Robert Matthews', 'Phone', 150.75, datetime.datetime(2026, 2, 22, 20, 29, 38, 836976))
2026-02-22 20:29:42,968 - INFO - Inserted purchase: ('David Lyons', 'Tablet', 516.15, datetime.datetime(2026, 2, 22, 20, 29, 42, 287728))
2026-02-22 20:29:46,727 - INFO - Inserted purchase: ('Samuel Daniels', 'Laptop', 54.74, datetime.datetime(2026, 2, 22, 20, 29, 45, 969408))
2026-02-22 20:29:50,150 - INFO - Inserted purchase: ('Mr. Mark Hanna', 'Headphones', 1772.46, datetime.datetime(2026, 2, 22, 20, 29, 49, 729494))
2026-02-22 20:29:53,650 - INFO - Inserted purchase: ('Aaron Franco', 'Tablet', 999.51, datetime.datetime(2026, 2, 22, 20, 29, 53, 152188))
2026-02-22 20:29:57,222 - INFO - Inserted purchase: ('Jose Roberson', 'Laptop', 1501.77, datetime.datetime(2026, 2, 22, 20, 29, 56, 652741))
2026-02-22 20:30:00,791 - INFO - Inserted purchase: ('Andrea Harris', 'Tablet', 226.66, datetime.datetime(2026, 2, 22, 20, 30, 0, 224655))
2026-02-22 20:30:04,583 - INFO - Inserted purchase: ('Dr. Robin Lewis', 'Laptop', 1823.18, datetime.datetime(2026, 2, 22, 20, 30, 3, 792937))
2026-02-22 20:30:09,011 - INFO - Inserted purchase: ('Jared Henry', 'Phone', 535.96, datetime.datetime(2026, 2, 22, 20, 30, 7, 584366))
2026-02-22 20:30:12,830 - INFO - Inserted purchase: ('Christopher Peterson', 'Phone', 1298.54, datetime.datetime(2026, 2, 22, 20, 30, 12, 12903))
2026-02-22 20:30:16,326 - INFO - Inserted purchase: ('Michael Smith', 'Headphones', 473.88, datetime.datetime(2026, 2, 22, 20, 30, 15, 832653))
2026-02-22 20:30:20,009 - INFO - Inserted purchase: ('Greg Rivas', 'Tablet', 53.88, datetime.datetime(2026, 2, 22, 20, 30, 19, 327063))
2026-02-22 20:30:23,513 - INFO - Inserted purchase: ('Robert Bender', 'Phone', 1246.65, datetime.datetime(2026, 2, 22, 20, 30, 23, 30328))
2026-02-22 20:30:27,104 - INFO - Inserted purchase: ('Christopher Terry', 'Tablet', 1268.07, datetime.datetime(2026, 2, 22, 20, 30, 26, 514936))
2026-02-22 20:30:30,955 - INFO - Inserted purchase: ('James Williamson', 'Phone', 1424.99, datetime.datetime(2026, 2, 22, 20, 30, 30, 105464))
2026-02-22 20:30:34,379 - INFO - Inserted purchase: ('Connor Mccann', 'Laptop', 1553.34, datetime.datetime(2026, 2, 22, 20, 30, 33, 956683))
2026-02-22 20:30:37,879 - INFO - Inserted purchase: ('John Blackburn', 'Laptop', 648.49, datetime.datetime(2026, 2, 22, 20, 30, 37, 382106))
2026-02-22 20:30:41,400 - INFO - Inserted purchase: ('William Hayes', 'Phone', 1383.16, datetime.datetime(2026, 2, 22, 20, 30, 40, 880370))
2026-02-22 20:30:44,983 - INFO - Inserted purchase: ('Brian Green', 'Headphones', 1580.83, datetime.datetime(2026, 2, 22, 20, 30, 44, 401338))
2026-02-22 20:30:48,557 - INFO - Inserted purchase: ('Courtney Sutton', 'Headphones', 511.2, datetime.datetime(2026, 2, 22, 20, 30, 47, 985832))
2026-02-22 20:30:52,150 - INFO - Inserted purchase: ('Cynthia Branch', 'Headphones', 1087.97, datetime.datetime(2026, 2, 22, 20, 30, 51, 558826))
2026-02-22 20:30:55,670 - INFO - Inserted purchase: ('Evan Gibson', 'Tablet', 116.99, datetime.datetime(2026, 2, 22, 20, 30, 55, 151271))
2026-02-22 20:30:59,200 - INFO - Inserted purchase: ('Katie Howard', 'Headphones', 593.64, datetime.datetime(2026, 2, 22, 20, 30, 58, 672223))
2026-02-22 20:31:02,759 - INFO - Inserted purchase: ('Kayla Scott', 'Laptop', 1704.85, datetime.datetime(2026, 2, 22, 20, 31, 2, 201312))
2026-02-22 20:31:06,208 - INFO - Inserted purchase: ('Cynthia Powell', 'Tablet', 799.76, datetime.datetime(2026, 2, 22, 20, 31, 5, 760761))
2026-02-22 20:31:09,615 - INFO - Inserted purchase: ('Sharon Cook', 'Headphones', 728.53, datetime.datetime(2026, 2, 22, 20, 31, 9, 210519))
2026-02-22 20:31:13,022 - INFO - Inserted purchase: ('Ryan Green', 'Tablet', 77.68, datetime.datetime(2026, 2, 22, 20, 31, 12, 616298))
2026-02-22 20:31:16,773 - INFO - Inserted purchase: ('Susan Fuller', 'Phone', 1075.06, datetime.datetime(2026, 2, 22, 20, 31, 16, 37063))
2026-02-22 20:31:20,363 - INFO - Inserted purchase: ('Mr. Daniel Wright II', 'Laptop', 723.09, datetime.datetime(2026, 2, 22, 20, 31, 19, 774282))
2026-02-22 20:31:23,832 - INFO - Inserted purchase: ('Patrick Murphy', 'Laptop', 991.82, datetime.datetime(2026, 2, 22, 20, 31, 23, 364637))
2026-02-22 20:31:27,508 - INFO - Inserted purchase: ('Anne Stanley', 'Tablet', 1177.9, datetime.datetime(2026, 2, 22, 20, 31, 26, 834607))
2026-02-22 20:31:30,986 - INFO - Inserted purchase: ('George Hall', 'Headphones', 404.01, datetime.datetime(2026, 2, 22, 20, 31, 30, 510531))
2026-02-22 20:31:34,467 - INFO - Inserted purchase: ('Anne Thomas', 'Headphones', 657.96, datetime.datetime(2026, 2, 22, 20, 31, 33, 988338))
2026-02-22 20:31:37,947 - INFO - Inserted purchase: ('Melissa Deleon', 'Phone', 1501.41, datetime.datetime(2026, 2, 22, 20, 31, 37, 467747))
2026-02-22 20:31:41,708 - INFO - Inserted purchase: ('Sarah Garcia', 'Tablet', 1928.83, datetime.datetime(2026, 2, 22, 20, 31, 40, 948549))
2026-02-22 20:31:45,251 - INFO - Inserted purchase: ('William Valentine', 'Laptop', 1991.5, datetime.datetime(2026, 2, 22, 20, 31, 44, 710142))
2026-02-22 20:31:48,772 - INFO - Inserted purchase: ('Christina Webb', 'Tablet', 294.37, datetime.datetime(2026, 2, 22, 20, 31, 48, 252183))
2026-02-22 20:31:52,469 - INFO - Inserted purchase: ('Eric Blanchard', 'Tablet', 1815.88, datetime.datetime(2026, 2, 22, 20, 31, 51, 773591))
2026-02-22 20:31:55,924 - INFO - Inserted purchase: ('Tammy Merritt', 'Tablet', 1346.19, datetime.datetime(2026, 2, 22, 20, 31, 55, 470782))
2026-02-22 20:31:59,498 - INFO - Inserted purchase: ('Tiffany Shaw', 'Laptop', 664.46, datetime.datetime(2026, 2, 22, 20, 31, 58, 925082))
2026-02-22 20:32:03,038 - INFO - Inserted purchase: ('Dustin Douglas', 'Phone', 816.79, datetime.datetime(2026, 2, 22, 20, 32, 2, 499505))
2026-02-22 20:32:06,600 - INFO - Inserted purchase: ('Kristen Adams', 'Phone', 1119.3, datetime.datetime(2026, 2, 22, 20, 32, 6, 39948))
2026-02-22 20:32:10,119 - INFO - Inserted purchase: ('Ryan Thomas', 'Tablet', 1588.32, datetime.datetime(2026, 2, 22, 20, 32, 9, 602647))
2026-02-22 20:32:13,677 - INFO - Inserted purchase: ('Benjamin Castillo', 'Headphones', 1599.3, datetime.datetime(2026, 2, 22, 20, 32, 13, 120892))
2026-02-22 20:32:17,215 - INFO - Inserted purchase: ('Allison Newman', 'Headphones', 1525.45, datetime.datetime(2026, 2, 22, 20, 32, 16, 678962))
2026-02-22 20:32:21,109 - INFO - Inserted purchase: ('Travis Peterson', 'Laptop', 433.07, datetime.datetime(2026, 2, 22, 20, 32, 20, 217226))
2026-02-22 20:32:24,611 - INFO - Inserted purchase: ('Jordan Taylor', 'Headphones', 1148.97, datetime.datetime(2026, 2, 22, 20, 32, 24, 111668))
2026-02-22 20:32:28,165 - INFO - Inserted purchase: ('Regina Davis', 'Headphones', 108.19, datetime.datetime(2026, 2, 22, 20, 32, 27, 613222))
2026-02-22 20:32:31,678 - INFO - Inserted purchase: ('Tina Howell', 'Tablet', 621.04, datetime.datetime(2026, 2, 22, 20, 32, 31, 167943))
2026-02-22 20:32:35,352 - INFO - Inserted purchase: ('James Chambers', 'Tablet', 284.23, datetime.datetime(2026, 2, 22, 20, 32, 34, 680752))
2026-02-22 20:32:38,793 - INFO - Inserted purchase: ('Kelly Garcia', 'Phone', 1511.59, datetime.datetime(2026, 2, 22, 20, 32, 38, 353844))
2026-02-22 20:32:43,267 - INFO - Inserted purchase: ('Jason Ferguson', 'Tablet', 495.58, datetime.datetime(2026, 2, 22, 20, 32, 41, 795364))
2026-02-22 20:32:46,735 - INFO - Inserted purchase: ('Suzanne Ho', 'Laptop', 1178.97, datetime.datetime(2026, 2, 22, 20, 32, 46, 269434))
2026-02-22 20:32:50,821 - INFO - Inserted purchase: ('Alicia Merritt', 'Phone', 746.67, datetime.datetime(2026, 2, 22, 20, 32, 49, 737639))
2026-02-22 20:32:54,431 - INFO - Inserted purchase: ('Colton Edwards', 'Tablet', 314.94, datetime.datetime(2026, 2, 22, 20, 32, 53, 822888))
2026-02-22 20:32:58,417 - INFO - Inserted purchase: ('Samuel Jackson', 'Phone', 623.98, datetime.datetime(2026, 2, 22, 20, 32, 57, 432059))
2026-02-22 20:33:02,104 - INFO - Inserted purchase: ('Mary Thompson', 'Laptop', 1566.19, datetime.datetime(2026, 2, 22, 20, 33, 1, 418705))
2026-02-22 20:33:05,686 - INFO - Inserted purchase: ('Ronald Baldwin', 'Headphones', 1327.72, datetime.datetime(2026, 2, 22, 20, 33, 5, 105236))
2026-02-22 20:33:09,531 - INFO - Inserted purchase: ('David Gomez', 'Phone', 439.23, datetime.datetime(2026, 2, 22, 20, 33, 8, 687515))
2026-02-22 20:33:13,065 - INFO - Inserted purchase: ('Emily Davis', 'Phone', 814.78, datetime.datetime(2026, 2, 22, 20, 33, 12, 532667))
2026-02-22 20:33:16,547 - INFO - Inserted purchase: ('Michael Burns', 'Headphones', 1260.55, datetime.datetime(2026, 2, 22, 20, 33, 16, 66021))
2026-02-22 20:33:20,145 - INFO - Inserted purchase: ('Gabriel Garcia', 'Phone', 383.89, datetime.datetime(2026, 2, 22, 20, 33, 19, 549205))
2026-02-22 20:33:24,018 - INFO - Inserted purchase: ('Thomas Reynolds', 'Tablet', 1715.35, datetime.datetime(2026, 2, 22, 20, 33, 23, 146538))
2026-02-22 20:33:27,575 - INFO - Inserted purchase: ('Elizabeth Flores DDS', 'Headphones', 698.38, datetime.datetime(2026, 2, 22, 20, 33, 27, 19369))
2026-02-22 20:33:31,381 - INFO - Inserted purchase: ('Catherine Jones', 'Tablet', 1430.66, datetime.datetime(2026, 2, 22, 20, 33, 30, 579551))
2026-02-22 20:33:34,954 - INFO - Inserted purchase: ('Dr. Angela Jackson', 'Phone', 1067.89, datetime.datetime(2026, 2, 22, 20, 33, 34, 383276))
2026-02-22 20:33:38,763 - INFO - Inserted purchase: ('Theresa Williams', 'Laptop', 1084.3, datetime.datetime(2026, 2, 22, 20, 33, 37, 956109))
2026-02-22 20:33:42,551 - INFO - Inserted purchase: ('Bobby Medina', 'Headphones', 1597.33, datetime.datetime(2026, 2, 22, 20, 33, 41, 764948))
2026-02-22 20:33:46,417 - INFO - Inserted purchase: ('Carlos Moore', 'Headphones', 878.87, datetime.datetime(2026, 2, 22, 20, 33, 45, 552580))
2026-02-22 20:33:49,899 - INFO - Inserted purchase: ('Jennifer Wallace', 'Tablet', 1256.8, datetime.datetime(2026, 2, 22, 20, 33, 49, 419043))
2026-02-22 20:33:53,449 - INFO - Inserted purchase: ('Deborah Evans', 'Headphones', 1531.91, datetime.datetime(2026, 2, 22, 20, 33, 52, 900927))
2026-02-22 20:33:56,998 - INFO - Inserted purchase: ('Kelly Diaz', 'Laptop', 283.71, datetime.datetime(2026, 2, 22, 20, 33, 56, 451810))
2026-02-22 20:34:00,596 - INFO - Inserted purchase: ('Andrew Lang', 'Laptop', 303.48, datetime.datetime(2026, 2, 22, 20, 33, 59, 999838))
2026-02-22 20:34:04,259 - INFO - Inserted purchase: ('James Townsend', 'Laptop', 1131.04, datetime.datetime(2026, 2, 22, 20, 34, 3, 598012))
2026-02-22 20:34:07,818 - INFO - Inserted purchase: ('Timothy Sloan', 'Tablet', 264.26, datetime.datetime(2026, 2, 22, 20, 34, 7, 261105))
2026-02-22 20:34:11,420 - INFO - Inserted purchase: ('Angel Mcmillan', 'Phone', 996.96, datetime.datetime(2026, 2, 22, 20, 34, 10, 821378))
2026-02-22 20:34:15,216 - INFO - Inserted purchase: ('Patricia Banks', 'Laptop', 1736.25, datetime.datetime(2026, 2, 22, 20, 34, 14, 421950))
2026-02-22 20:34:18,702 - INFO - Inserted purchase: ('Tracy Watkins', 'Phone', 874.76, datetime.datetime(2026, 2, 22, 20, 34, 18, 218412))
2026-02-22 20:34:22,214 - INFO - Inserted purchase: ('Timothy Brady', 'Headphones', 1100.27, datetime.datetime(2026, 2, 22, 20, 34, 21, 703470))
2026-02-22 20:34:26,062 - INFO - Inserted purchase: ('Gina Wolfe', 'Laptop', 239.36, datetime.datetime(2026, 2, 22, 20, 34, 25, 216565))
2026-02-22 20:34:29,588 - INFO - Inserted purchase: ('Brian Mayo', 'Headphones', 1424.53, datetime.datetime(2026, 2, 22, 20, 34, 29, 64565))
2026-02-22 20:34:33,059 - INFO - Inserted purchase: ('Lauren Robertson', 'Headphones', 1607.69, datetime.datetime(2026, 2, 22, 20, 34, 32, 589843))
2026-02-22 20:34:36,822 - INFO - Inserted purchase: ('Shannon Baker', 'Headphones', 1970.21, datetime.datetime(2026, 2, 22, 20, 34, 36, 60745))
2026-02-22 20:34:40,284 - INFO - Inserted purchase: ('Diana Lucas', 'Phone', 1008.9, datetime.datetime(2026, 2, 22, 20, 34, 39, 823721))
2026-02-22 20:34:43,719 - INFO - Inserted purchase: ('John Howell', 'Headphones', 707.27, datetime.datetime(2026, 2, 22, 20, 34, 43, 286702))
2026-02-22 20:34:47,254 - INFO - Inserted purchase: ('Angela Stout', 'Headphones', 1972.03, datetime.datetime(2026, 2, 22, 20, 34, 46, 721104))
2026-02-22 20:34:50,725 - INFO - Inserted purchase: ('Shannon Brooks', 'Phone', 135.94, datetime.datetime(2026, 2, 22, 20, 34, 50, 255604))
2026-02-22 20:34:54,313 - INFO - Inserted purchase: ('Sean Garner', 'Laptop', 1278.31, datetime.datetime(2026, 2, 22, 20, 34, 53, 727075))
2026-02-22 20:34:57,814 - INFO - Inserted purchase: ('Zachary Wise', 'Laptop', 1750.98, datetime.datetime(2026, 2, 22, 20, 34, 57, 315385))
2026-02-22 20:35:01,313 - INFO - Inserted purchase: ('Anthony Lee', 'Tablet', 1855.74, datetime.datetime(2026, 2, 22, 20, 35, 0, 815794))
2026-02-22 20:35:04,865 - INFO - Inserted purchase: ('Carol Gilbert', 'Tablet', 743.9, datetime.datetime(2026, 2, 22, 20, 35, 4, 314494))
2026-02-22 20:35:08,471 - INFO - Inserted purchase: ('Jamie Briggs', 'Phone', 826.01, datetime.datetime(2026, 2, 22, 20, 35, 7, 867408))
2026-02-22 20:35:12,449 - INFO - Inserted purchase: ('Jennifer Poole', 'Headphones', 1793.05, datetime.datetime(2026, 2, 22, 20, 35, 11, 472255))
2026-02-22 20:35:16,253 - INFO - Inserted purchase: ('Krista Hamilton', 'Headphones', 1372.91, datetime.datetime(2026, 2, 22, 20, 35, 15, 450875))
2026-02-22 20:35:20,240 - INFO - Inserted purchase: ('Gregory Stephens', 'Headphones', 1279.43, datetime.datetime(2026, 2, 22, 20, 35, 19, 255167))
2026-02-22 20:35:23,770 - INFO - Inserted purchase: ('Paul White', 'Headphones', 1636.54, datetime.datetime(2026, 2, 22, 20, 35, 23, 241914))
2026-02-22 20:35:27,509 - INFO - Inserted purchase: ('Joshua Wagner', 'Tablet', 656.2, datetime.datetime(2026, 2, 22, 20, 35, 26, 771990))
2026-02-22 20:35:31,256 - INFO - Inserted purchase: ('Christina Baker', 'Laptop', 1159.4, datetime.datetime(2026, 2, 22, 20, 35, 30, 510884))
2026-02-22 20:35:34,780 - INFO - Inserted purchase: ('Wayne Palmer', 'Tablet', 1707.16, datetime.datetime(2026, 2, 22, 20, 35, 34, 258005))
2026-02-22 20:35:38,330 - INFO - Inserted purchase: ('John Thompson', 'Tablet', 1763.77, datetime.datetime(2026, 2, 22, 20, 35, 37, 782031))
2026-02-22 20:35:41,947 - INFO - Inserted purchase: ('Stephanie Webb', 'Laptop', 449.52, datetime.datetime(2026, 2, 22, 20, 35, 41, 331979))
2026-02-22 20:35:45,736 - INFO - Inserted purchase: ('Spencer Woodard', 'Phone', 1662.94, datetime.datetime(2026, 2, 22, 20, 35, 44, 949400))
2026-02-22 20:35:50,167 - INFO - Inserted purchase: ('Anne Smith', 'Tablet', 1298.18, datetime.datetime(2026, 2, 22, 20, 35, 48, 737105))
2026-02-22 20:35:53,740 - INFO - Inserted purchase: ('Cassidy Hall', 'Tablet', 1311.69, datetime.datetime(2026, 2, 22, 20, 35, 53, 168885))
2026-02-22 20:35:57,308 - INFO - Inserted purchase: ('Amy Austin', 'Phone', 917.91, datetime.datetime(2026, 2, 22, 20, 35, 56, 741734))
2026-02-22 20:36:01,049 - INFO - Inserted purchase: ('Randy Montoya', 'Tablet', 1875.17, datetime.datetime(2026, 2, 22, 20, 36, 0, 310202))
2026-02-22 20:36:05,053 - INFO - Inserted purchase: ('Jeffery Leonard', 'Laptop', 1244.73, datetime.datetime(2026, 2, 22, 20, 36, 4, 50469))
2026-02-22 20:36:09,026 - INFO - Inserted purchase: ('Olivia Schmidt', 'Laptop', 557.48, datetime.datetime(2026, 2, 22, 20, 36, 8, 54725))
2026-02-22 20:36:12,770 - INFO - Inserted purchase: ('Tina Mcintyre', 'Tablet', 268.63, datetime.datetime(2026, 2, 22, 20, 36, 12, 27143))
2026-02-22 20:36:16,442 - INFO - Inserted purchase: ('David Robles', 'Headphones', 1753.24, datetime.datetime(2026, 2, 22, 20, 36, 15, 771457))
2026-02-22 20:36:19,932 - INFO - Inserted purchase: ('Michael Francis', 'Laptop', 1286.0, datetime.datetime(2026, 2, 22, 20, 36, 19, 444167))
2026-02-22 20:36:23,828 - INFO - Inserted purchase: ('Jason Delgado MD', 'Tablet', 1850.89, datetime.datetime(2026, 2, 22, 20, 36, 22, 933413))
2026-02-22 20:36:27,301 - INFO - Inserted purchase: ('Pamela Smith', 'Tablet', 810.88, datetime.datetime(2026, 2, 22, 20, 36, 26, 830277))
2026-02-22 20:36:30,927 - INFO - Inserted purchase: ('Zachary Lloyd', 'Phone', 467.97, datetime.datetime(2026, 2, 22, 20, 36, 30, 303179))
2026-02-22 20:37:08,319 - INFO - Snowflake Connector for Python Version: 4.3.0, Python Version: 3.11.9, Platform: Windows-10-10.0.26200-SP0
2026-02-22 20:37:08,320 - INFO - Connecting to GLOBAL Snowflake domain
2026-02-22 20:37:08,983 - INFO - Found credentials in shared credentials file: ~/.aws/credentials
2026-02-22 20:37:23,206 - INFO - Inserted purchase: ('Jacob Hernandez', 'Tablet', 721.87, datetime.datetime(2026, 2, 22, 20, 37, 22, 662415))
2026-02-22 20:37:26,757 - INFO - Inserted purchase: ('Garrett Campbell', 'Phone', 979.85, datetime.datetime(2026, 2, 22, 20, 37, 26, 207871))
2026-02-22 20:37:30,285 - INFO - Inserted purchase: ('Kimberly Day', 'Laptop', 1544.5, datetime.datetime(2026, 2, 22, 20, 37, 29, 758233))
2026-02-22 20:37:33,849 - INFO - Inserted purchase: ('Jeffery Henderson', 'Laptop', 1649.72, datetime.datetime(2026, 2, 22, 20, 37, 33, 287559))
2026-02-22 20:37:37,338 - INFO - Inserted purchase: ('Yesenia Gardner', 'Headphones', 1802.42, datetime.datetime(2026, 2, 22, 20, 37, 36, 851348))
2026-02-22 20:37:40,841 - INFO - Inserted purchase: ('David Bowman', 'Tablet', 773.22, datetime.datetime(2026, 2, 22, 20, 37, 40, 339559))
2026-02-22 20:37:44,595 - INFO - Inserted purchase: ('Jaime Turner', 'Laptop', 212.7, datetime.datetime(2026, 2, 22, 20, 37, 43, 842376))
2026-02-22 20:37:48,200 - INFO - Inserted purchase: ('Claire Kelly', 'Headphones', 274.31, datetime.datetime(2026, 2, 22, 20, 37, 47, 596697))
2026-02-22 20:37:51,731 - INFO - Inserted purchase: ('Kelsey White', 'Laptop', 311.96, datetime.datetime(2026, 2, 22, 20, 37, 51, 201298))
2026-02-22 20:37:55,337 - INFO - Inserted purchase: ('Kelly Brooks', 'Headphones', 491.19, datetime.datetime(2026, 2, 22, 20, 37, 54, 732226))
2026-02-22 20:37:58,827 - INFO - Inserted purchase: ('Joshua Frazier', 'Laptop', 210.84, datetime.datetime(2026, 2, 22, 20, 37, 58, 338390))
2026-02-22 20:38:02,444 - INFO - Inserted purchase: ('Valerie Kelley', 'Phone', 1136.88, datetime.datetime(2026, 2, 22, 20, 38, 1, 828332))
2026-02-22 20:38:06,191 - INFO - Inserted purchase: ('Hannah Stevenson', 'Headphones', 505.45, datetime.datetime(2026, 2, 22, 20, 38, 5, 445183))
2026-02-22 20:38:09,709 - INFO - Inserted purchase: ('Nicholas Gomez', 'Laptop', 348.71, datetime.datetime(2026, 2, 22, 20, 38, 9, 193928))
2026-02-22 20:38:13,285 - INFO - Inserted purchase: ('William Thompson', 'Laptop', 614.91, datetime.datetime(2026, 2, 22, 20, 38, 12, 711221))
2026-02-22 20:38:16,877 - INFO - Inserted purchase: ('Ronald Marshall', 'Headphones', 1971.25, datetime.datetime(2026, 2, 22, 20, 38, 16, 286292))
2026-02-22 20:38:20,358 - INFO - Inserted purchase: ('Jeffrey Woods', 'Tablet', 1858.17, datetime.datetime(2026, 2, 22, 20, 38, 19, 879898))
2026-02-22 20:38:23,974 - INFO - Inserted purchase: ('Ethan Osborn', 'Headphones', 1273.28, datetime.datetime(2026, 2, 22, 20, 38, 23, 360389))
2026-02-22 20:38:27,731 - INFO - Inserted purchase: ('Jeremy Nguyen PhD', 'Tablet', 1584.16, datetime.datetime(2026, 2, 22, 20, 38, 26, 976070))
2026-02-22 20:38:31,513 - INFO - Inserted purchase: ('Donald Gibson', 'Headphones', 1767.87, datetime.datetime(2026, 2, 22, 20, 38, 30, 732884))
2026-02-22 20:38:35,104 - INFO - Inserted purchase: ('Lisa Carpenter', 'Phone', 1621.36, datetime.datetime(2026, 2, 22, 20, 38, 34, 542337))
2026-02-22 20:38:38,695 - INFO - Inserted purchase: ('Michael Alexander', 'Laptop', 332.73, datetime.datetime(2026, 2, 22, 20, 38, 38, 105354))
2026-02-22 20:38:42,291 - INFO - Inserted purchase: ('Benjamin Glenn Jr.', 'Laptop', 1530.92, datetime.datetime(2026, 2, 22, 20, 38, 41, 696257))
2026-02-22 20:38:45,951 - INFO - Inserted purchase: ('John Preston', 'Laptop', 1026.05, datetime.datetime(2026, 2, 22, 20, 38, 45, 294186))
2026-02-22 20:38:49,452 - INFO - Inserted purchase: ('Brian Jones', 'Laptop', 85.75, datetime.datetime(2026, 2, 22, 20, 38, 48, 952772))
2026-02-22 20:38:52,925 - INFO - Inserted purchase: ('Michelle Gregory', 'Phone', 240.98, datetime.datetime(2026, 2, 22, 20, 38, 52, 454227))
2026-02-22 20:38:56,813 - INFO - Inserted purchase: ('Travis Stevenson', 'Laptop', 1504.2, datetime.datetime(2026, 2, 22, 20, 38, 55, 926665))
2026-02-22 20:39:00,701 - INFO - Inserted purchase: ('Christina Garcia', 'Headphones', 1875.77, datetime.datetime(2026, 2, 22, 20, 38, 59, 814072))
2026-02-22 20:39:04,408 - INFO - Inserted purchase: ('Wendy Farmer', 'Tablet', 843.72, datetime.datetime(2026, 2, 22, 20, 39, 3, 702939))
2026-02-22 20:39:07,891 - INFO - Inserted purchase: ('Thomas Moore', 'Headphones', 76.39, datetime.datetime(2026, 2, 22, 20, 39, 7, 410206))
2026-02-22 20:39:11,865 - INFO - Inserted purchase: ('Kristen Wiley', 'Headphones', 495.87, datetime.datetime(2026, 2, 22, 20, 39, 10, 893552))
2026-02-22 20:39:15,753 - INFO - Inserted purchase: ('Bryan Wong', 'Headphones', 1052.9, datetime.datetime(2026, 2, 22, 20, 39, 14, 867109))
2026-02-22 20:39:19,348 - INFO - Inserted purchase: ('Whitney Henson', 'Tablet', 1790.92, datetime.datetime(2026, 2, 22, 20, 39, 18, 755513))
2026-02-22 20:39:23,129 - INFO - Inserted purchase: ('Christina Chavez', 'Headphones', 1136.34, datetime.datetime(2026, 2, 22, 20, 39, 22, 350981))
2026-02-22 20:39:26,772 - INFO - Inserted purchase: ('Rebecca Bolton', 'Headphones', 888.44, datetime.datetime(2026, 2, 22, 20, 39, 26, 130843))
2026-02-22 20:39:30,296 - INFO - Inserted purchase: ('Debra Howell', 'Headphones', 1009.12, datetime.datetime(2026, 2, 22, 20, 39, 29, 773874))
2026-02-22 20:39:33,777 - INFO - Inserted purchase: ('Richard Brown', 'Headphones', 1657.28, datetime.datetime(2026, 2, 22, 20, 39, 33, 298181))
2026-02-22 20:39:37,359 - INFO - Inserted purchase: ('Tim Cortez', 'Phone', 1177.77, datetime.datetime(2026, 2, 22, 20, 39, 36, 778024))
2026-02-22 20:39:40,816 - INFO - Inserted purchase: ('Ian Guerrero', 'Laptop', 1860.82, datetime.datetime(2026, 2, 22, 20, 39, 40, 361053))
2026-02-22 20:39:44,350 - INFO - Inserted purchase: ('Robert Davis', 'Tablet', 420.06, datetime.datetime(2026, 2, 22, 20, 39, 43, 817206))
2026-02-22 20:39:47,887 - INFO - Inserted purchase: ('Heather Singleton', 'Phone', 544.36, datetime.datetime(2026, 2, 22, 20, 39, 47, 351445))
2026-02-22 20:39:51,546 - INFO - Inserted purchase: ('Matthew Peters', 'Phone', 1728.43, datetime.datetime(2026, 2, 22, 20, 39, 50, 889411))
2026-02-22 20:39:55,269 - INFO - Inserted purchase: ('Dakota Adams', 'Headphones', 1887.91, datetime.datetime(2026, 2, 22, 20, 39, 54, 547241))
2026-02-22 20:39:58,866 - INFO - Inserted purchase: ('Alisha Carrillo', 'Laptop', 1462.18, datetime.datetime(2026, 2, 22, 20, 39, 58, 270852))
2026-02-22 20:40:02,645 - INFO - Inserted purchase: ('Linda Robinson', 'Laptop', 71.23, datetime.datetime(2026, 2, 22, 20, 40, 1, 867791))
2026-02-22 20:40:06,618 - INFO - Inserted purchase: ('Kathryn Key', 'Laptop', 1233.8, datetime.datetime(2026, 2, 22, 20, 40, 5, 646593))
2026-02-22 20:40:10,248 - INFO - Inserted purchase: ('Emily Nguyen', 'Tablet', 713.0, datetime.datetime(2026, 2, 22, 20, 40, 9, 619953))
2026-02-22 20:40:14,226 - INFO - Inserted purchase: ('Jason Herrera', 'Phone', 322.3, datetime.datetime(2026, 2, 22, 20, 40, 13, 250272))
2026-02-22 20:40:17,684 - INFO - Inserted purchase: ('Robert Brown', 'Laptop', 774.78, datetime.datetime(2026, 2, 22, 20, 40, 17, 227221))
2026-02-22 20:40:21,284 - INFO - Inserted purchase: ('Suzanne Floyd', 'Headphones', 1739.88, datetime.datetime(2026, 2, 22, 20, 40, 20, 685642))
2026-02-22 20:40:24,878 - INFO - Inserted purchase: ('Tim Brown', 'Laptop', 1104.83, datetime.datetime(2026, 2, 22, 20, 40, 24, 286144))
2026-02-22 20:40:29,381 - INFO - Inserted purchase: ('Elaine West', 'Laptop', 335.0, datetime.datetime(2026, 2, 22, 20, 40, 27, 880095))
2026-02-22 20:40:32,891 - INFO - Inserted purchase: ('Angel Gonzales', 'Phone', 148.7, datetime.datetime(2026, 2, 22, 20, 40, 32, 382657))
2026-02-22 20:40:36,652 - INFO - Inserted purchase: ('David Vasquez', 'Tablet', 1146.07, datetime.datetime(2026, 2, 22, 20, 40, 35, 893057))
2026-02-22 20:40:40,243 - INFO - Inserted purchase: ('Denise Gomez', 'Tablet', 1988.6, datetime.datetime(2026, 2, 22, 20, 40, 39, 653428))
2026-02-22 20:40:43,805 - INFO - Inserted purchase: ('James Torres', 'Headphones', 1105.92, datetime.datetime(2026, 2, 22, 20, 40, 43, 245629))
2026-02-22 20:40:47,310 - INFO - Inserted purchase: ('Nicholas Martinez', 'Laptop', 750.74, datetime.datetime(2026, 2, 22, 20, 40, 46, 806528))
2026-02-22 20:40:50,838 - INFO - Inserted purchase: ('Billy Snyder', 'Phone', 1820.69, datetime.datetime(2026, 2, 22, 20, 40, 50, 311141))
2026-02-22 20:40:54,619 - INFO - Inserted purchase: ('Molly Rogers', 'Tablet', 415.2, datetime.datetime(2026, 2, 22, 20, 40, 53, 840039))
2026-02-22 20:40:58,591 - INFO - Inserted purchase: ('Patricia Fletcher', 'Laptop', 522.45, datetime.datetime(2026, 2, 22, 20, 40, 57, 620670))
2026-02-22 20:41:02,066 - INFO - Inserted purchase: ('Melissa Robertson', 'Headphones', 853.63, datetime.datetime(2026, 2, 22, 20, 41, 1, 593174))
2026-02-22 20:41:05,553 - INFO - Inserted purchase: ('Alyssa Francis', 'Phone', 259.23, datetime.datetime(2026, 2, 22, 20, 41, 5, 67312))
2026-02-22 20:41:09,070 - INFO - Inserted purchase: ('Theresa Mcdonald', 'Tablet', 1678.55, datetime.datetime(2026, 2, 22, 20, 41, 8, 554520))
2026-02-22 20:41:12,798 - INFO - Inserted purchase: ('Zachary Alexander', 'Laptop', 1894.36, datetime.datetime(2026, 2, 22, 20, 41, 12, 72602))
2026-02-22 20:41:16,353 - INFO - Inserted purchase: ('Robert Johnson', 'Headphones', 150.07, datetime.datetime(2026, 2, 22, 20, 41, 15, 799113))
2026-02-22 20:41:19,972 - INFO - Inserted purchase: ('Tracy Greene', 'Tablet', 1965.87, datetime.datetime(2026, 2, 22, 20, 41, 19, 353968))
2026-02-22 20:41:23,500 - INFO - Inserted purchase: ('Joann Todd', 'Headphones', 1815.95, datetime.datetime(2026, 2, 22, 20, 41, 22, 974235))
2026-02-22 20:41:27,155 - INFO - Inserted purchase: ('Teresa Davis', 'Headphones', 128.78, datetime.datetime(2026, 2, 22, 20, 41, 26, 501260))
2026-02-22 20:41:30,630 - INFO - Inserted purchase: ('Ian Perez', 'Laptop', 1916.8, datetime.datetime(2026, 2, 22, 20, 41, 30, 157985))
2026-02-22 20:41:34,163 - INFO - Inserted purchase: ('Julie Brown', 'Tablet', 1229.08, datetime.datetime(2026, 2, 22, 20, 41, 33, 633508))
2026-02-22 20:41:37,804 - INFO - Inserted purchase: ('Donna Zavala', 'Tablet', 259.75, datetime.datetime(2026, 2, 22, 20, 41, 37, 165310))
2026-02-22 20:41:41,544 - INFO - Inserted purchase: ('Jaime Rhodes DDS', 'Headphones', 384.17, datetime.datetime(2026, 2, 22, 20, 41, 40, 805788))
2026-02-22 20:41:45,139 - INFO - Inserted purchase: ('Alec Dunn', 'Tablet', 1569.0, datetime.datetime(2026, 2, 22, 20, 41, 44, 545246))
2026-02-22 20:41:48,613 - INFO - Inserted purchase: ('Jessica Mccall', 'Phone', 763.63, datetime.datetime(2026, 2, 22, 20, 41, 48, 151642))
2026-02-22 20:41:52,324 - INFO - Inserted purchase: ('Tiffany Arnold', 'Headphones', 1673.55, datetime.datetime(2026, 2, 22, 20, 41, 51, 614175))
2026-02-22 20:41:55,754 - INFO - Inserted purchase: ('Robert Rich', 'Headphones', 1067.57, datetime.datetime(2026, 2, 22, 20, 41, 55, 327725))
2026-02-22 20:41:59,295 - INFO - Inserted purchase: ('Jeffrey Ross', 'Tablet', 614.14, datetime.datetime(2026, 2, 22, 20, 41, 58, 756162))
2026-02-22 20:42:02,782 - INFO - Inserted purchase: ('Jeanette Bradley', 'Headphones', 1819.93, datetime.datetime(2026, 2, 22, 20, 42, 2, 296902))
2026-02-22 20:42:06,317 - INFO - Inserted purchase: ('Christine Mitchell', 'Headphones', 1089.82, datetime.datetime(2026, 2, 22, 20, 42, 5, 783068))
2026-02-22 20:42:09,762 - INFO - Inserted purchase: ('Richard Duarte', 'Phone', 1429.17, datetime.datetime(2026, 2, 22, 20, 42, 9, 318651))
2026-02-22 20:42:13,316 - INFO - Inserted purchase: ('Andrea Torres', 'Headphones', 1304.06, datetime.datetime(2026, 2, 22, 20, 42, 12, 763960))
2026-02-22 20:42:16,797 - INFO - Inserted purchase: ('Jordan Wood', 'Phone', 1025.35, datetime.datetime(2026, 2, 22, 20, 42, 16, 317399))
2026-02-22 20:42:20,279 - INFO - Inserted purchase: ('Michael Martin', 'Tablet', 534.99, datetime.datetime(2026, 2, 22, 20, 42, 19, 798692))
2026-02-22 20:42:23,942 - INFO - Inserted purchase: ('Kristi Smith', 'Tablet', 65.79, datetime.datetime(2026, 2, 22, 20, 42, 23, 281126))
2026-02-22 20:42:27,506 - INFO - Inserted purchase: ('Jerome Lang', 'Phone', 503.89, datetime.datetime(2026, 2, 22, 20, 42, 26, 943898))
2026-02-22 20:42:30,964 - INFO - Inserted purchase: ('Emily Sullivan', 'Tablet', 1679.32, datetime.datetime(2026, 2, 22, 20, 42, 30, 508095))
2026-02-22 20:42:34,568 - INFO - Inserted purchase: ('Jennifer Dunn', 'Laptop', 421.37, datetime.datetime(2026, 2, 22, 20, 42, 33, 965677))
2026-02-22 20:42:38,300 - INFO - Inserted purchase: ('Barbara Ingram', 'Headphones', 998.63, datetime.datetime(2026, 2, 22, 20, 42, 37, 569955))
2026-02-22 20:42:41,963 - INFO - Inserted purchase: ('Nina Ball', 'Tablet', 881.52, datetime.datetime(2026, 2, 22, 20, 42, 41, 303448))
2026-02-22 20:42:45,564 - INFO - Inserted purchase: ('Jessica Larson', 'Laptop', 1323.29, datetime.datetime(2026, 2, 22, 20, 42, 44, 963517))
2026-02-22 20:42:49,093 - INFO - Inserted purchase: ('Samuel Guzman', 'Phone', 1115.44, datetime.datetime(2026, 2, 22, 20, 42, 48, 564935))
2026-02-22 20:42:52,944 - INFO - Inserted purchase: ('Nicole Owens', 'Headphones', 322.95, datetime.datetime(2026, 2, 22, 20, 42, 52, 94810))
2026-02-22 20:42:56,780 - INFO - Inserted purchase: ('James King', 'Phone', 1662.36, datetime.datetime(2026, 2, 22, 20, 42, 55, 946601))
2026-02-22 20:43:00,532 - INFO - Inserted purchase: ('Bradley Sampson', 'Laptop', 1121.3, datetime.datetime(2026, 2, 22, 20, 42, 59, 781797))
2026-02-22 20:43:04,022 - INFO - Inserted purchase: ('Jonathan Garcia', 'Headphones', 1906.15, datetime.datetime(2026, 2, 22, 20, 43, 3, 533403))
2026-02-22 20:43:08,097 - INFO - Inserted purchase: ('Lisa Rowland', 'Headphones', 1114.32, datetime.datetime(2026, 2, 22, 20, 43, 7, 23066))
2026-02-22 20:43:11,866 - INFO - Inserted purchase: ('Christina Owens', 'Phone', 1820.72, datetime.datetime(2026, 2, 22, 20, 43, 11, 100638))
2026-02-22 20:43:15,472 - INFO - Inserted purchase: ('Elizabeth Spencer', 'Headphones', 1420.71, datetime.datetime(2026, 2, 22, 20, 43, 14, 868041))
2026-02-22 20:43:19,045 - INFO - Inserted purchase: ('Jason Baker', 'Tablet', 541.01, datetime.datetime(2026, 2, 22, 20, 43, 18, 473089))
2026-02-22 20:43:22,569 - INFO - Inserted purchase: ('William Kane', 'Tablet', 549.63, datetime.datetime(2026, 2, 22, 20, 43, 22, 47269))
2026-02-22 20:43:26,156 - INFO - Inserted purchase: ('Benjamin Burns', 'Tablet', 1773.29, datetime.datetime(2026, 2, 22, 20, 43, 25, 570457))
2026-02-22 20:43:29,650 - INFO - Inserted purchase: ('Ricky Perez', 'Laptop', 1105.8, datetime.datetime(2026, 2, 22, 20, 43, 29, 157670))
2026-02-22 20:43:34,005 - INFO - Inserted purchase: ('Joshua Marquez', 'Laptop', 1126.74, datetime.datetime(2026, 2, 22, 20, 43, 32, 652191))
2026-02-22 20:43:37,489 - INFO - Inserted purchase: ('Heather Brown', 'Headphones', 114.93, datetime.datetime(2026, 2, 22, 20, 43, 37, 7050))
2026-02-22 20:43:40,963 - INFO - Inserted purchase: ('David Williams', 'Phone', 462.29, datetime.datetime(2026, 2, 22, 20, 43, 40, 491371))
2026-02-22 20:43:44,412 - INFO - Inserted purchase: ('Bradley Chan', 'Tablet', 1149.92, datetime.datetime(2026, 2, 22, 20, 43, 43, 965593))
2026-02-22 20:43:47,972 - INFO - Inserted purchase: ('Timothy Phillips', 'Laptop', 211.76, datetime.datetime(2026, 2, 22, 20, 43, 47, 414449))
2026-02-22 20:43:51,863 - INFO - Inserted purchase: ('Cameron Davenport', 'Phone', 1028.44, datetime.datetime(2026, 2, 22, 20, 43, 50, 975261))
2026-02-22 20:43:55,390 - INFO - Inserted purchase: ('Cameron Kennedy', 'Laptop', 324.37, datetime.datetime(2026, 2, 22, 20, 43, 54, 865020))
2026-02-22 20:43:58,937 - INFO - Inserted purchase: ('Christopher Oconnor', 'Phone', 1581.73, datetime.datetime(2026, 2, 22, 20, 43, 58, 392231))
2026-02-22 20:44:02,467 - INFO - Inserted purchase: ('Caitlin Lewis', 'Headphones', 1627.83, datetime.datetime(2026, 2, 22, 20, 44, 1, 939708))
2026-02-22 20:44:05,932 - INFO - Inserted purchase: ('Jeffrey Wiggins', 'Tablet', 1845.87, datetime.datetime(2026, 2, 22, 20, 44, 5, 468671))
2026-02-22 20:44:10,042 - INFO - Inserted purchase: ('Kimberly Walker', 'Headphones', 781.44, datetime.datetime(2026, 2, 22, 20, 44, 8, 933035))
2026-02-22 20:44:13,535 - INFO - Inserted purchase: ('Dennis Mckinney', 'Laptop', 93.28, datetime.datetime(2026, 2, 22, 20, 44, 13, 44243))
2026-02-22 20:44:17,082 - INFO - Inserted purchase: ('Melanie Blevins', 'Headphones', 1905.03, datetime.datetime(2026, 2, 22, 20, 44, 16, 536683))
2026-02-22 20:44:20,691 - INFO - Inserted purchase: ('Darren Ross', 'Laptop', 497.95, datetime.datetime(2026, 2, 22, 20, 44, 20, 82846))
2026-02-22 20:44:24,205 - INFO - Inserted purchase: ('Dawn Lopez', 'Headphones', 312.09, datetime.datetime(2026, 2, 22, 20, 44, 23, 693591))
2026-02-22 20:44:28,073 - INFO - Inserted purchase: ('Robin Decker', 'Headphones', 1736.63, datetime.datetime(2026, 2, 22, 20, 44, 27, 206054))
2026-02-22 20:44:31,831 - INFO - Inserted purchase: ('Robin Shea', 'Tablet', 608.93, datetime.datetime(2026, 2, 22, 20, 44, 31, 74370))
2026-02-22 20:44:35,350 - INFO - Inserted purchase: ('Sabrina Graves', 'Headphones', 867.06, datetime.datetime(2026, 2, 22, 20, 44, 34, 833572))
2026-02-22 20:44:38,850 - INFO - Inserted purchase: ('Sarah Cook', 'Tablet', 1062.31, datetime.datetime(2026, 2, 22, 20, 44, 38, 352462))
2026-02-22 20:44:42,405 - INFO - Inserted purchase: ('Angelica Lee', 'Laptop', 1422.23, datetime.datetime(2026, 2, 22, 20, 44, 41, 852853))
2026-02-22 20:44:45,835 - INFO - Inserted purchase: ('Denise Weber', 'Laptop', 1878.07, datetime.datetime(2026, 2, 22, 20, 44, 45, 406798))
2026-02-22 20:44:49,290 - INFO - Inserted purchase: ('Ralph Perry', 'Phone', 218.56, datetime.datetime(2026, 2, 22, 20, 44, 48, 836730))
2026-02-22 20:44:53,133 - INFO - Inserted purchase: ('Michael Campos', 'Phone', 904.76, datetime.datetime(2026, 2, 22, 20, 44, 52, 291464))
2026-02-22 20:44:56,640 - INFO - Inserted purchase: ('John Stewart', 'Headphones', 1272.59, datetime.datetime(2026, 2, 22, 20, 44, 56, 134169))
2026-02-22 20:45:00,632 - INFO - Inserted purchase: ('Phillip Bryant', 'Phone', 1206.92, datetime.datetime(2026, 2, 22, 20, 44, 59, 642179))
2026-02-22 20:45:04,262 - INFO - Inserted purchase: ('Rebecca Woods', 'Laptop', 897.05, datetime.datetime(2026, 2, 22, 20, 45, 3, 633856))
2026-02-22 20:45:07,799 - INFO - Inserted purchase: ('Lisa Adams', 'Laptop', 53.34, datetime.datetime(2026, 2, 22, 20, 45, 7, 263965))
2026-02-22 20:45:11,447 - INFO - Inserted purchase: ('Lisa Henry', 'Headphones', 427.74, datetime.datetime(2026, 2, 22, 20, 45, 10, 800467))
2026-02-22 20:45:24,534 - INFO - Snowflake Connector for Python Version: 4.3.0, Python Version: 3.11.9, Platform: Windows-10-10.0.26200-SP0
2026-02-22 20:45:24,534 - INFO - Connecting to GLOBAL Snowflake domain
2026-02-22 20:45:25,218 - INFO - Found credentials in shared credentials file: ~/.aws/credentials
2026-02-22 20:45:39,587 - INFO - Inserted purchase: ('Anthony Morales', 'Headphones', 481.22, datetime.datetime(2026, 2, 22, 20, 45, 38, 744604))
2026-02-22 20:45:43,264 - INFO - Inserted purchase: ('Christina Sullivan', 'Headphones', 1505.65, datetime.datetime(2026, 2, 22, 20, 45, 42, 588433))
2026-02-22 20:45:46,729 - INFO - Inserted purchase: ('Terri Mcclain', 'Phone', 1653.61, datetime.datetime(2026, 2, 22, 20, 45, 46, 264741))
2026-02-22 20:45:50,333 - INFO - Inserted purchase: ('Jerry Simmons', 'Headphones', 168.31, datetime.datetime(2026, 2, 22, 20, 45, 49, 731276))
2026-02-22 20:45:53,839 - INFO - Inserted purchase: ('Beth Sampson', 'Laptop', 1456.28, datetime.datetime(2026, 2, 22, 20, 45, 53, 334285))
2026-02-22 20:45:57,338 - INFO - Inserted purchase: ('Sally Mathis', 'Phone', 444.83, datetime.datetime(2026, 2, 22, 20, 45, 56, 842169))
2026-02-22 20:46:00,880 - INFO - Inserted purchase: ('Richard Craig', 'Phone', 1484.38, datetime.datetime(2026, 2, 22, 20, 46, 0, 339609))
2026-02-22 20:46:04,429 - INFO - Inserted purchase: ('Stephanie Arnold', 'Phone', 251.63, datetime.datetime(2026, 2, 22, 20, 46, 3, 881680))
2026-02-22 20:46:08,010 - INFO - Inserted purchase: ('Ashley Jordan', 'Laptop', 1873.08, datetime.datetime(2026, 2, 22, 20, 46, 7, 431396))
2026-02-22 20:46:11,511 - INFO - Inserted purchase: ('Olivia Gay', 'Tablet', 278.08, datetime.datetime(2026, 2, 22, 20, 46, 11, 12148))
2026-02-22 20:46:15,119 - INFO - Inserted purchase: ('Diane Jarvis', 'Headphones', 768.0, datetime.datetime(2026, 2, 22, 20, 46, 14, 512281))
2026-02-22 20:46:18,557 - INFO - Inserted purchase: ('Debbie Stuart', 'Phone', 1997.16, datetime.datetime(2026, 2, 22, 20, 46, 18, 120997))
2026-02-22 20:46:22,137 - INFO - Inserted purchase: ('Rachel Foster', 'Laptop', 243.74, datetime.datetime(2026, 2, 22, 20, 46, 21, 559155))
2026-02-22 20:46:26,028 - INFO - Inserted purchase: ('Paul Cisneros', 'Phone', 1915.31, datetime.datetime(2026, 2, 22, 20, 46, 25, 138935))
2026-02-22 20:46:29,564 - INFO - Inserted purchase: ('Fernando Elliott', 'Tablet', 1363.15, datetime.datetime(2026, 2, 22, 20, 46, 29, 29863))
2026-02-22 20:46:33,073 - INFO - Inserted purchase: ('Aaron Mullins', 'Laptop', 461.15, datetime.datetime(2026, 2, 22, 20, 46, 32, 566371))
2026-02-22 20:46:36,611 - INFO - Inserted purchase: ('Stephen Johnson', 'Laptop', 1064.21, datetime.datetime(2026, 2, 22, 20, 46, 36, 74831))
2026-02-22 20:46:40,076 - INFO - Inserted purchase: ('Thomas Williams', 'Headphones', 1936.7, datetime.datetime(2026, 2, 22, 20, 46, 39, 612245))
2026-02-22 20:46:43,538 - INFO - Inserted purchase: ('Felicia Bray', 'Phone', 709.59, datetime.datetime(2026, 2, 22, 20, 46, 43, 78770))
2026-02-22 20:46:47,224 - INFO - Inserted purchase: ('Patrick Campbell', 'Tablet', 1850.74, datetime.datetime(2026, 2, 22, 20, 46, 46, 539668))
2026-02-22 20:46:50,816 - INFO - Inserted purchase: ('Michael Jackson', 'Tablet', 1242.03, datetime.datetime(2026, 2, 22, 20, 46, 50, 225720))
2026-02-22 20:46:54,525 - INFO - Inserted purchase: ('Eric Conway', 'Tablet', 1962.75, datetime.datetime(2026, 2, 22, 20, 46, 53, 817179))
2026-02-22 20:46:58,114 - INFO - Inserted purchase: ('Marie Grimes', 'Phone', 1993.07, datetime.datetime(2026, 2, 22, 20, 46, 57, 527208))
2026-02-22 20:47:01,576 - INFO - Inserted purchase: ('Alexis Sanders', 'Headphones', 305.68, datetime.datetime(2026, 2, 22, 20, 47, 1, 116824))
2026-02-22 20:47:05,196 - INFO - Inserted purchase: ('Tanya Goodman', 'Phone', 1772.2, datetime.datetime(2026, 2, 22, 20, 47, 4, 577084))
2026-02-22 20:47:08,707 - INFO - Inserted purchase: ('Daniel Bates', 'Laptop', 1364.24, datetime.datetime(2026, 2, 22, 20, 47, 8, 197856))
2026-02-22 20:47:12,169 - INFO - Inserted purchase: ('Tiffany Smith', 'Tablet', 1996.98, datetime.datetime(2026, 2, 22, 20, 47, 11, 710426))
2026-02-22 20:47:15,998 - INFO - Inserted purchase: ('Phillip Herrera', 'Headphones', 871.58, datetime.datetime(2026, 2, 22, 20, 47, 15, 171310))
2026-02-22 20:47:19,608 - INFO - Inserted purchase: ('Larry Mooney', 'Tablet', 1127.47, datetime.datetime(2026, 2, 22, 20, 47, 18, 999694))
2026-02-22 20:47:23,130 - INFO - Inserted purchase: ('Joseph Jackson', 'Phone', 146.95, datetime.datetime(2026, 2, 22, 20, 47, 22, 609766))
2026-02-22 20:47:26,839 - INFO - Inserted purchase: ('Helen Rodriguez', 'Phone', 71.25, datetime.datetime(2026, 2, 22, 20, 47, 26, 131392))
2026-02-22 20:47:30,322 - INFO - Inserted purchase: ('Becky Nelson', 'Laptop', 1002.78, datetime.datetime(2026, 2, 22, 20, 47, 29, 840330))
2026-02-22 20:47:33,925 - INFO - Inserted purchase: ('Daniel Price', 'Headphones', 458.83, datetime.datetime(2026, 2, 22, 20, 47, 33, 324622))
2026-02-22 20:47:37,478 - INFO - Inserted purchase: ('Dr. Mark Taylor', 'Tablet', 848.34, datetime.datetime(2026, 2, 22, 20, 47, 36, 927022))
2026-02-22 20:47:40,910 - INFO - Inserted purchase: ('Ariel Ramos', 'Phone', 111.5, datetime.datetime(2026, 2, 22, 20, 47, 40, 480475))
2026-02-22 20:47:44,518 - INFO - Inserted purchase: ('Chelsea Bowman', 'Laptop', 840.74, datetime.datetime(2026, 2, 22, 20, 47, 43, 912092))
2026-02-22 20:47:48,069 - INFO - Inserted purchase: ('Ronald Wilson', 'Phone', 530.48, datetime.datetime(2026, 2, 22, 20, 47, 47, 519989))
2026-02-22 20:47:51,607 - INFO - Inserted purchase: ('Evelyn Allison', 'Laptop', 613.01, datetime.datetime(2026, 2, 22, 20, 47, 51, 69823))
2026-02-22 20:47:55,078 - INFO - Inserted purchase: ('Bradley Johnson', 'Laptop', 1699.56, datetime.datetime(2026, 2, 22, 20, 47, 54, 611445))
2026-02-22 20:47:58,563 - INFO - Inserted purchase: ('Angela Bennett', 'Headphones', 955.6, datetime.datetime(2026, 2, 22, 20, 47, 58, 79349))
2026-02-22 20:48:02,072 - INFO - Inserted purchase: ('James Suarez', 'Phone', 1802.19, datetime.datetime(2026, 2, 22, 20, 48, 1, 565056))
2026-02-22 20:48:05,549 - INFO - Inserted purchase: ('Paul Allen', 'Tablet', 1420.93, datetime.datetime(2026, 2, 22, 20, 48, 5, 73713))
2026-02-22 20:48:09,027 - INFO - Inserted purchase: ('Sabrina Ballard', 'Tablet', 1958.48, datetime.datetime(2026, 2, 22, 20, 48, 8, 551805))
2026-02-22 20:48:12,500 - INFO - Inserted purchase: ('Elizabeth Francis', 'Headphones', 1364.12, datetime.datetime(2026, 2, 22, 20, 48, 12, 29901))
2026-02-22 20:48:16,096 - INFO - Inserted purchase: ('Eric Williams', 'Laptop', 315.72, datetime.datetime(2026, 2, 22, 20, 48, 15, 501882))
2026-02-22 20:48:19,594 - INFO - Inserted purchase: ('David Cox', 'Headphones', 1123.89, datetime.datetime(2026, 2, 22, 20, 48, 19, 97892))
2026-02-22 20:48:23,031 - INFO - Inserted purchase: ('Ronald Pope', 'Laptop', 1158.82, datetime.datetime(2026, 2, 22, 20, 48, 22, 596005))
2026-02-22 20:48:26,551 - INFO - Inserted purchase: ('Julie Novak', 'Headphones', 1266.28, datetime.datetime(2026, 2, 22, 20, 48, 26, 32660))
2026-02-22 20:48:30,156 - INFO - Inserted purchase: ('Levi Reed', 'Headphones', 1169.65, datetime.datetime(2026, 2, 22, 20, 48, 29, 552932))
2026-02-22 20:48:33,658 - INFO - Inserted purchase: ('James Aguilar', 'Laptop', 1063.48, datetime.datetime(2026, 2, 22, 20, 48, 33, 158512))
2026-02-22 20:48:37,160 - INFO - Inserted purchase: ('Sara Salinas DVM', 'Tablet', 1745.38, datetime.datetime(2026, 2, 22, 20, 48, 36, 659977))
2026-02-22 20:48:40,575 - INFO - Inserted purchase: ('Chelsea Lewis', 'Headphones', 1449.16, datetime.datetime(2026, 2, 22, 20, 48, 40, 162327))
2026-02-22 20:48:44,603 - INFO - Inserted purchase: ('Shawn Oconnor', 'Laptop', 391.95, datetime.datetime(2026, 2, 22, 20, 48, 43, 576774))
2026-02-22 21:01:14,637 - INFO - Snowflake Connector for Python Version: 4.3.0, Python Version: 3.11.9, Platform: Windows-10-10.0.26200-SP0
2026-02-22 21:01:14,638 - INFO - Connecting to GLOBAL Snowflake domain
2026-02-22 21:01:15,213 - INFO - Found credentials in shared credentials file: ~/.aws/credentials
2026-02-22 21:01:29,360 - INFO - Inserted purchase: ('Sandra Skinner', 'Laptop', 642.4, datetime.datetime(2026, 2, 22, 21, 1, 28, 430106))
2026-02-22 21:01:32,817 - INFO - Inserted purchase: ('Mrs. Chelsea Pugh DVM', 'Laptop', 1494.69, datetime.datetime(2026, 2, 22, 21, 1, 32, 362028))
2026-02-22 21:01:36,266 - INFO - Inserted purchase: ('Heather Gill', 'Phone', 820.78, datetime.datetime(2026, 2, 22, 21, 1, 35, 820123))
2026-02-22 21:01:39,794 - INFO - Inserted purchase: ('Shane Williams', 'Tablet', 86.77, datetime.datetime(2026, 2, 22, 21, 1, 39, 267083))
2026-02-22 21:01:43,263 - INFO - Inserted purchase: ('Kelsey Farmer', 'Headphones', 1282.21, datetime.datetime(2026, 2, 22, 21, 1, 42, 795795))
2026-02-22 21:01:46,714 - INFO - Inserted purchase: ('Terrence Gilmore', 'Headphones', 1342.22, datetime.datetime(2026, 2, 22, 21, 1, 46, 263910))
2026-02-22 21:01:50,133 - INFO - Inserted purchase: ('Regina Wagner', 'Laptop', 1851.69, datetime.datetime(2026, 2, 22, 21, 1, 49, 715947))
2026-02-22 21:01:53,646 - INFO - Inserted purchase: ('Tracy Brown', 'Phone', 945.02, datetime.datetime(2026, 2, 22, 21, 1, 53, 134361))
2026-02-22 21:01:57,119 - INFO - Inserted purchase: ('William Martin', 'Phone', 1012.76, datetime.datetime(2026, 2, 22, 21, 1, 56, 646773))
2026-02-22 21:02:00,572 - INFO - Inserted purchase: ('Ashley Hess', 'Headphones', 1321.78, datetime.datetime(2026, 2, 22, 21, 2, 0, 119680))
2026-02-22 21:02:03,994 - INFO - Inserted purchase: ('Robert Long', 'Headphones', 588.62, datetime.datetime(2026, 2, 22, 21, 2, 3, 573802))
2026-02-22 21:02:07,509 - INFO - Inserted purchase: ('Amy Porter', 'Tablet', 1161.09, datetime.datetime(2026, 2, 22, 21, 2, 6, 996120))
2026-02-22 21:02:11,516 - INFO - Inserted purchase: ('Jacob Lozano', 'Headphones', 1400.25, datetime.datetime(2026, 2, 22, 21, 2, 10, 511187))
2026-02-22 21:02:15,119 - INFO - Inserted purchase: ('Monica Torres', 'Laptop', 1816.56, datetime.datetime(2026, 2, 22, 21, 2, 14, 517928))
2026-02-22 21:02:18,766 - INFO - Inserted purchase: ('Christine Allen', 'Headphones', 1104.96, datetime.datetime(2026, 2, 22, 21, 2, 18, 119815))
2026-02-22 21:02:22,248 - INFO - Inserted purchase: ('Scott Duncan', 'Laptop', 189.32, datetime.datetime(2026, 2, 22, 21, 2, 21, 767030))
2026-02-22 21:02:25,703 - INFO - Inserted purchase: ('Michael Smith', 'Tablet', 120.53, datetime.datetime(2026, 2, 22, 21, 2, 25, 249696))
2026-02-22 21:02:29,134 - INFO - Inserted purchase: ('Mrs. Martha Campbell DDS', 'Phone', 115.27, datetime.datetime(2026, 2, 22, 21, 2, 28, 705160))
2026-02-22 21:02:33,025 - INFO - Inserted purchase: ('Beverly Chaney', 'Phone', 1481.79, datetime.datetime(2026, 2, 22, 21, 2, 32, 135635))
2026-02-22 21:02:36,475 - INFO - Inserted purchase: ('Kyle Morris', 'Tablet', 1191.3, datetime.datetime(2026, 2, 22, 21, 2, 36, 26969))
2026-02-22 21:02:39,856 - INFO - Inserted purchase: ('Kelsey Miller', 'Tablet', 530.53, datetime.datetime(2026, 2, 22, 21, 2, 39, 476468))
2026-02-22 21:02:43,437 - INFO - Inserted purchase: ('Alexandra Burton', 'Tablet', 944.03, datetime.datetime(2026, 2, 22, 21, 2, 42, 857419))
2026-02-22 21:02:47,011 - INFO - Inserted purchase: ('Nancy King', 'Laptop', 1339.53, datetime.datetime(2026, 2, 22, 21, 2, 46, 438796))
2026-02-22 21:02:50,402 - INFO - Inserted purchase: ('Wendy Carlson', 'Phone', 1555.58, datetime.datetime(2026, 2, 22, 21, 2, 50, 12348))
2026-02-22 21:02:53,797 - INFO - Inserted purchase: ('Ricardo Daugherty DDS', 'Tablet', 661.33, datetime.datetime(2026, 2, 22, 21, 2, 53, 403190))
2026-02-22 21:02:57,282 - INFO - Inserted purchase: ('Stefanie Smith', 'Laptop', 365.26, datetime.datetime(2026, 2, 22, 21, 2, 56, 798268))
2026-02-22 21:03:00,773 - INFO - Inserted purchase: ('Alexis Mclaughlin', 'Tablet', 494.28, datetime.datetime(2026, 2, 22, 21, 3, 0, 283489))
2026-02-22 21:03:04,229 - INFO - Inserted purchase: ('Dana Johnson', 'Headphones', 1818.39, datetime.datetime(2026, 2, 22, 21, 3, 3, 775043))
2026-02-22 21:03:08,010 - INFO - Inserted purchase: ('Jason Oliver', 'Headphones', 1559.45, datetime.datetime(2026, 2, 22, 21, 3, 7, 230701))
2026-02-22 21:03:11,545 - INFO - Inserted purchase: ('Emily Hudson', 'Phone', 61.75, datetime.datetime(2026, 2, 22, 21, 3, 11, 12001))
2026-02-22 21:03:15,109 - INFO - Inserted purchase: ('David Chan', 'Laptop', 1119.95, datetime.datetime(2026, 2, 22, 21, 3, 14, 547034))
2026-02-22 21:03:18,604 - INFO - Inserted purchase: ('Shawna Guerrero', 'Phone', 1403.97, datetime.datetime(2026, 2, 22, 21, 3, 18, 111103))
2026-02-22 21:03:22,093 - INFO - Inserted purchase: ('Rhonda Wheeler', 'Headphones', 1487.14, datetime.datetime(2026, 2, 22, 21, 3, 21, 605949))
2026-02-22 21:03:25,575 - INFO - Inserted purchase: ('Thomas King', 'Headphones', 677.57, datetime.datetime(2026, 2, 22, 21, 3, 25, 94714))
2026-02-22 21:03:29,111 - INFO - Inserted purchase: ('Cody Smith', 'Headphones', 1589.84, datetime.datetime(2026, 2, 22, 21, 3, 28, 576358))
2026-02-22 21:03:32,588 - INFO - Inserted purchase: ('Cheryl Gallagher', 'Phone', 1033.05, datetime.datetime(2026, 2, 22, 21, 3, 32, 112525))
2026-02-22 21:03:36,114 - INFO - Inserted purchase: ('Todd Kelly', 'Laptop', 1846.95, datetime.datetime(2026, 2, 22, 21, 3, 35, 589236))
2026-02-22 21:03:39,695 - INFO - Inserted purchase: ('Cesar Ferguson', 'Headphones', 1982.47, datetime.datetime(2026, 2, 22, 21, 3, 39, 115519))
2026-02-22 21:03:43,207 - INFO - Inserted purchase: ('Kathy Rivera', 'Tablet', 1842.83, datetime.datetime(2026, 2, 22, 21, 3, 42, 696232))
2026-02-22 21:03:46,693 - INFO - Inserted purchase: ('Michelle Robertson', 'Tablet', 316.86, datetime.datetime(2026, 2, 22, 21, 3, 46, 209199))
2026-02-22 21:03:50,170 - INFO - Inserted purchase: ('Renee Johnson', 'Phone', 215.05, datetime.datetime(2026, 2, 22, 21, 3, 49, 694955))
2026-02-22 21:03:53,525 - INFO - Inserted purchase: ('Jacqueline Todd', 'Phone', 89.0, datetime.datetime(2026, 2, 22, 21, 3, 53, 171389))
2026-02-22 21:03:57,050 - INFO - Inserted purchase: ('Samuel Pope', 'Headphones', 1685.15, datetime.datetime(2026, 2, 22, 21, 3, 56, 527063))
2026-02-22 21:04:00,553 - INFO - Inserted purchase: ('Kelly Young', 'Phone', 1430.87, datetime.datetime(2026, 2, 22, 21, 4, 0, 52726))
2026-02-22 21:04:04,152 - INFO - Inserted purchase: ('Christopher Garrett', 'Tablet', 769.47, datetime.datetime(2026, 2, 22, 21, 4, 3, 554750))
2026-02-22 21:04:07,668 - INFO - Inserted purchase: ('Patty Raymond', 'Tablet', 187.91, datetime.datetime(2026, 2, 22, 21, 4, 7, 153993))
2026-02-22 21:04:11,114 - INFO - Inserted purchase: ('Brian Nielsen', 'Laptop', 958.93, datetime.datetime(2026, 2, 22, 21, 4, 10, 669329))
2026-02-22 21:04:14,668 - INFO - Inserted purchase: ('Nicholas Carrillo', 'Headphones', 896.31, datetime.datetime(2026, 2, 22, 21, 4, 14, 115146))
2026-02-22 21:04:18,304 - INFO - Inserted purchase: ('Jacqueline May', 'Laptop', 1235.72, datetime.datetime(2026, 2, 22, 21, 4, 17, 668682))
2026-02-22 21:04:21,702 - INFO - Inserted purchase: ('Amber Faulkner', 'Tablet', 798.34, datetime.datetime(2026, 2, 22, 21, 4, 21, 306096))
2026-02-22 21:04:25,204 - INFO - Inserted purchase: ('Brandon Shepard PhD', 'Laptop', 549.33, datetime.datetime(2026, 2, 22, 21, 4, 24, 704295))
2026-02-22 21:04:28,897 - INFO - Inserted purchase: ('Anthony Charles', 'Headphones', 309.98, datetime.datetime(2026, 2, 22, 21, 4, 28, 205418))
2026-02-22 21:04:32,779 - INFO - Inserted purchase: ('Collin Gutierrez', 'Headphones', 50.31, datetime.datetime(2026, 2, 22, 21, 4, 31, 899033))
2026-02-22 21:04:36,310 - INFO - Inserted purchase: ('Bradley Carr', 'Headphones', 1917.36, datetime.datetime(2026, 2, 22, 21, 4, 35, 780417))
2026-02-22 21:04:39,965 - INFO - Inserted purchase: ('Javier Evans', 'Phone', 1587.28, datetime.datetime(2026, 2, 22, 21, 4, 39, 311738))
2026-02-22 21:04:43,465 - INFO - Inserted purchase: ('Matthew Gonzales', 'Phone', 1454.52, datetime.datetime(2026, 2, 22, 21, 4, 42, 967037))
2026-02-22 21:04:47,013 - INFO - Inserted purchase: ('Jeremiah Carrillo', 'Headphones', 573.17, datetime.datetime(2026, 2, 22, 21, 4, 46, 466305))
2026-02-22 21:04:50,464 - INFO - Inserted purchase: ('Aaron Munoz', 'Phone', 1540.37, datetime.datetime(2026, 2, 22, 21, 4, 50, 14366))
2026-02-22 21:04:53,994 - INFO - Inserted purchase: ('Cynthia Bright', 'Laptop', 1044.88, datetime.datetime(2026, 2, 22, 21, 4, 53, 465927))
2026-02-22 21:04:57,582 - INFO - Inserted purchase: ('Michelle Patterson', 'Tablet', 1765.69, datetime.datetime(2026, 2, 22, 21, 4, 56, 996153))
2026-02-22 21:05:01,064 - INFO - Inserted purchase: ('Steven Livingston', 'Tablet', 1496.06, datetime.datetime(2026, 2, 22, 21, 5, 0, 584219))
2026-02-22 21:05:04,593 - INFO - Inserted purchase: ('Margaret Hood', 'Phone', 546.86, datetime.datetime(2026, 2, 22, 21, 5, 4, 66808))
2026-02-22 21:05:08,155 - INFO - Inserted purchase: ('John Rodriguez', 'Laptop', 168.93, datetime.datetime(2026, 2, 22, 21, 5, 7, 595197))
2026-02-22 21:05:11,679 - INFO - Inserted purchase: ('Jeffery Hawkins', 'Laptop', 1094.47, datetime.datetime(2026, 2, 22, 21, 5, 11, 156742))
2026-02-22 21:05:15,928 - INFO - Inserted purchase: ('David Stevenson', 'Laptop', 1939.5, datetime.datetime(2026, 2, 22, 21, 5, 14, 679983))
2026-02-22 21:05:19,452 - INFO - Inserted purchase: ('James Roberts', 'Headphones', 543.83, datetime.datetime(2026, 2, 22, 21, 5, 18, 929658))
2026-02-22 21:05:22,872 - INFO - Inserted purchase: ('Anthony Wade', 'Headphones', 1959.41, datetime.datetime(2026, 2, 22, 21, 5, 22, 453873))
2026-02-22 21:05:26,382 - INFO - Inserted purchase: ('Sierra Bowman', 'Laptop', 1122.39, datetime.datetime(2026, 2, 22, 21, 5, 25, 874391))
2026-02-22 21:05:29,947 - INFO - Inserted purchase: ('Reginald Miranda', 'Headphones', 646.6, datetime.datetime(2026, 2, 22, 21, 5, 29, 383366))
2026-02-22 21:05:33,683 - INFO - Inserted purchase: ('Andrew Ortiz', 'Laptop', 1950.13, datetime.datetime(2026, 2, 22, 21, 5, 32, 948303))
2026-02-22 21:05:37,235 - INFO - Inserted purchase: ('Jennifer Wolfe', 'Tablet', 683.62, datetime.datetime(2026, 2, 22, 21, 5, 36, 684069))
2026-02-22 21:05:40,660 - INFO - Inserted purchase: ('Jeremy Dougherty', 'Laptop', 962.39, datetime.datetime(2026, 2, 22, 21, 5, 40, 236240))
2026-02-22 21:05:44,098 - INFO - Inserted purchase: ('Austin Jordan', 'Headphones', 280.84, datetime.datetime(2026, 2, 22, 21, 5, 43, 662628))
2026-02-22 21:05:47,515 - INFO - Inserted purchase: ('Michelle Daniels', 'Tablet', 1035.79, datetime.datetime(2026, 2, 22, 21, 5, 47, 100436))
2026-02-22 21:05:51,079 - INFO - Inserted purchase: ('Larry Potter', 'Laptop', 1739.81, datetime.datetime(2026, 2, 22, 21, 5, 50, 517274))
2026-02-22 21:05:54,518 - INFO - Inserted purchase: ('Mrs. Sherry Scott', 'Phone', 1673.83, datetime.datetime(2026, 2, 22, 21, 5, 54, 80707))
2026-02-22 21:05:58,034 - INFO - Inserted purchase: ('Eric Wright', 'Laptop', 465.82, datetime.datetime(2026, 2, 22, 21, 5, 57, 518851))
2026-02-22 21:06:01,594 - INFO - Inserted purchase: ('Dylan Liu', 'Tablet', 1120.92, datetime.datetime(2026, 2, 22, 21, 6, 1, 35281))
2026-02-22 21:06:05,073 - INFO - Inserted purchase: ('Megan Mccarthy', 'Phone', 361.19, datetime.datetime(2026, 2, 22, 21, 6, 4, 596106))
2026-02-22 21:06:08,552 - INFO - Inserted purchase: ('Deborah Thomas', 'Laptop', 1357.5, datetime.datetime(2026, 2, 22, 21, 6, 8, 74897))
2026-02-22 21:06:12,207 - INFO - Inserted purchase: ('Michael Hernandez', 'Tablet', 1341.7, datetime.datetime(2026, 2, 22, 21, 6, 11, 553479))
2026-02-22 21:06:16,087 - INFO - Inserted purchase: ('Melanie Adkins', 'Headphones', 930.65, datetime.datetime(2026, 2, 22, 21, 6, 15, 209340))
2026-02-22 21:06:19,551 - INFO - Inserted purchase: ('Jose Kirk', 'Tablet', 952.2, datetime.datetime(2026, 2, 22, 21, 6, 19, 88549))
2026-02-22 21:06:23,134 - INFO - Inserted purchase: ('Jordan Vasquez', 'Phone', 768.05, datetime.datetime(2026, 2, 22, 21, 6, 22, 551926))
2026-02-22 21:06:26,566 - INFO - Inserted purchase: ('Gregory Love', 'Tablet', 1123.46, datetime.datetime(2026, 2, 22, 21, 6, 26, 135710))
2026-02-22 21:06:29,979 - INFO - Inserted purchase: ('Cheyenne Floyd', 'Laptop', 391.38, datetime.datetime(2026, 2, 22, 21, 6, 29, 567395))
2026-02-22 21:06:33,502 - INFO - Inserted purchase: ('Samuel Dunn', 'Laptop', 1966.85, datetime.datetime(2026, 2, 22, 21, 6, 32, 980564))
2026-02-22 21:06:36,956 - INFO - Inserted purchase: ('William Martin', 'Tablet', 259.77, datetime.datetime(2026, 2, 22, 21, 6, 36, 503665))
2026-02-22 21:06:40,415 - INFO - Inserted purchase: ('Regina Allen', 'Tablet', 1177.5, datetime.datetime(2026, 2, 22, 21, 6, 39, 957086))
2026-02-22 21:06:44,006 - INFO - Inserted purchase: ('Jessica Todd', 'Headphones', 1864.86, datetime.datetime(2026, 2, 22, 21, 6, 43, 417602))
2026-02-22 21:06:47,388 - INFO - Inserted purchase: ('Melanie Ortiz', 'Tablet', 1537.1, datetime.datetime(2026, 2, 22, 21, 6, 47, 8113))
2026-02-22 21:06:50,851 - INFO - Inserted purchase: ('Jennifer Parker', 'Tablet', 1310.77, datetime.datetime(2026, 2, 22, 21, 6, 50, 389031))
2026-02-22 21:06:54,317 - INFO - Inserted purchase: ('Tracy Wilson', 'Laptop', 1870.37, datetime.datetime(2026, 2, 22, 21, 6, 53, 853512))
2026-02-22 21:06:58,166 - INFO - Inserted purchase: ('Eddie Edwards', 'Laptop', 1571.43, datetime.datetime(2026, 2, 22, 21, 6, 57, 318869))
2026-02-22 21:07:01,598 - INFO - Inserted purchase: ('Brian Little', 'Tablet', 1967.49, datetime.datetime(2026, 2, 22, 21, 7, 1, 167028))
2026-02-22 21:07:05,078 - INFO - Inserted purchase: ('Jason Gonzalez', 'Headphones', 816.84, datetime.datetime(2026, 2, 22, 21, 7, 4, 598847))
2026-02-22 21:07:08,542 - INFO - Inserted purchase: ('Benjamin Fox', 'Headphones', 1944.81, datetime.datetime(2026, 2, 22, 21, 7, 8, 79581))
2026-02-22 21:07:12,090 - INFO - Inserted purchase: ('Timothy Everett', 'Headphones', 1495.54, datetime.datetime(2026, 2, 22, 21, 7, 11, 544308))
2026-02-22 21:07:15,562 - INFO - Inserted purchase: ('Brandi Dudley', 'Tablet', 1414.04, datetime.datetime(2026, 2, 22, 21, 7, 15, 91165))
2026-02-22 21:07:18,991 - INFO - Inserted purchase: ('Kristen Potter', 'Laptop', 79.23, datetime.datetime(2026, 2, 22, 21, 7, 18, 563224))
2026-02-22 21:07:22,595 - INFO - Inserted purchase: ('James Thompson', 'Phone', 1925.16, datetime.datetime(2026, 2, 22, 21, 7, 21, 992736))
2026-02-22 21:07:26,107 - INFO - Inserted purchase: ('Valerie Campbell', 'Laptop', 1184.46, datetime.datetime(2026, 2, 22, 21, 7, 25, 596305))
2026-02-22 21:07:29,590 - INFO - Inserted purchase: ('Samuel Harris', 'Laptop', 1598.97, datetime.datetime(2026, 2, 22, 21, 7, 29, 108843))
2026-02-22 21:07:33,052 - INFO - Inserted purchase: ('Sheryl Jimenez', 'Tablet', 203.61, datetime.datetime(2026, 2, 22, 21, 7, 32, 591547))
2026-02-22 21:07:37,014 - INFO - Inserted purchase: ('Mark Kelly', 'Laptop', 500.4, datetime.datetime(2026, 2, 22, 21, 7, 36, 53856))
2026-02-22 21:07:40,504 - INFO - Inserted purchase: ('Tina Acosta', 'Tablet', 397.47, datetime.datetime(2026, 2, 22, 21, 7, 40, 15580))
2026-02-22 21:07:44,001 - INFO - Inserted purchase: ('Nicholas Mcclain', 'Headphones', 1305.98, datetime.datetime(2026, 2, 22, 21, 7, 43, 507061))
2026-02-22 21:07:47,576 - INFO - Inserted purchase: ('Shawn Owen', 'Tablet', 1622.71, datetime.datetime(2026, 2, 22, 21, 7, 47, 3147))
2026-02-22 21:07:51,217 - INFO - Inserted purchase: ('Denise Mcdonald', 'Phone', 484.51, datetime.datetime(2026, 2, 22, 21, 7, 50, 577030))
2026-02-22 21:07:54,672 - INFO - Inserted purchase: ('Mrs. Jessica Taylor MD', 'Laptop', 877.35, datetime.datetime(2026, 2, 22, 21, 7, 54, 218548))
2026-02-22 21:07:58,179 - INFO - Inserted purchase: ('Eric Carrillo', 'Phone', 1218.84, datetime.datetime(2026, 2, 22, 21, 7, 57, 673495))
2026-02-22 21:08:01,711 - INFO - Inserted purchase: ('Dr. Ashley Moran MD', 'Tablet', 996.53, datetime.datetime(2026, 2, 22, 21, 8, 1, 181369))
2026-02-22 21:08:05,271 - INFO - Inserted purchase: ('Linda Neal', 'Headphones', 76.43, datetime.datetime(2026, 2, 22, 21, 8, 4, 712409))
2026-02-22 21:08:08,716 - INFO - Inserted purchase: ('Shaun West', 'Headphones', 1959.34, datetime.datetime(2026, 2, 22, 21, 8, 8, 273105))
2026-02-22 21:08:12,176 - INFO - Inserted purchase: ('David Hall', 'Phone', 495.57, datetime.datetime(2026, 2, 22, 21, 8, 11, 717312))
2026-02-22 21:08:15,667 - INFO - Inserted purchase: ('Valerie Vazquez', 'Laptop', 541.88, datetime.datetime(2026, 2, 22, 21, 8, 15, 177988))
2026-02-22 21:08:19,225 - INFO - Inserted purchase: ('Nathan Davis', 'Headphones', 1374.08, datetime.datetime(2026, 2, 22, 21, 8, 18, 669080))
2026-02-22 21:08:22,716 - INFO - Inserted purchase: ('Jacob Carpenter', 'Tablet', 220.39, datetime.datetime(2026, 2, 22, 21, 8, 22, 226423))
2026-02-22 21:08:26,241 - INFO - Inserted purchase: ('Jill Wang', 'Phone', 754.78, datetime.datetime(2026, 2, 22, 21, 8, 25, 717765))
2026-02-22 21:08:29,681 - INFO - Inserted purchase: ('William Wilson Jr.', 'Tablet', 767.69, datetime.datetime(2026, 2, 22, 21, 8, 29, 243135))
2026-02-22 21:08:33,189 - INFO - Inserted purchase: ('Michelle Powers', 'Tablet', 1078.53, datetime.datetime(2026, 2, 22, 21, 8, 32, 682765))
2026-02-22 21:08:36,712 - INFO - Inserted purchase: ('Karen Thomas', 'Headphones', 1010.81, datetime.datetime(2026, 2, 22, 21, 8, 36, 191086))
2026-02-22 21:08:40,280 - INFO - Inserted purchase: ('Melinda Morgan', 'Tablet', 1033.76, datetime.datetime(2026, 2, 22, 21, 8, 39, 713404))
2026-02-22 21:08:43,849 - INFO - Inserted purchase: ('Mary Shaffer', 'Laptop', 672.07, datetime.datetime(2026, 2, 22, 21, 8, 43, 281226))
2026-02-22 21:08:47,434 - INFO - Inserted purchase: ('Michael Larson', 'Laptop', 738.79, datetime.datetime(2026, 2, 22, 21, 8, 46, 850546))
2026-02-22 21:08:50,954 - INFO - Inserted purchase: ('Beth Dunn', 'Laptop', 167.79, datetime.datetime(2026, 2, 22, 21, 8, 50, 435518))
2026-02-22 21:08:54,477 - INFO - Inserted purchase: ('Jeffrey Joseph', 'Phone', 899.01, datetime.datetime(2026, 2, 22, 21, 8, 53, 955885))
2026-02-22 21:08:57,953 - INFO - Inserted purchase: ('Aaron Wall', 'Headphones', 1664.83, datetime.datetime(2026, 2, 22, 21, 8, 57, 478972))
2026-02-22 21:09:01,414 - INFO - Inserted purchase: ('Dustin Padilla', 'Laptop', 1119.92, datetime.datetime(2026, 2, 22, 21, 9, 0, 954841))
2026-02-22 21:09:04,896 - INFO - Inserted purchase: ('Jennifer Parker', 'Phone', 1188.97, datetime.datetime(2026, 2, 22, 21, 9, 4, 415141))
2026-02-22 21:09:08,766 - INFO - Inserted purchase: ('Jacqueline Jackson', 'Phone', 766.04, datetime.datetime(2026, 2, 22, 21, 9, 7, 897849))
2026-02-22 21:09:12,359 - INFO - Inserted purchase: ('Veronica Yang', 'Headphones', 1454.76, datetime.datetime(2026, 2, 22, 21, 9, 11, 767560))
2026-02-22 21:09:15,954 - INFO - Inserted purchase: ('Jerome Gibbs', 'Tablet', 612.08, datetime.datetime(2026, 2, 22, 21, 9, 15, 360854))
2026-02-22 21:09:19,438 - INFO - Inserted purchase: ('Cody Rogers', 'Phone', 268.51, datetime.datetime(2026, 2, 22, 21, 9, 18, 955753))
2026-02-22 21:09:23,029 - INFO - Inserted purchase: ('Katie Proctor', 'Laptop', 337.63, datetime.datetime(2026, 2, 22, 21, 9, 22, 439668))
2026-02-22 21:09:26,800 - INFO - Inserted purchase: ('Omar Wright', 'Tablet', 762.05, datetime.datetime(2026, 2, 22, 21, 9, 26, 31062))
2026-02-22 21:09:30,260 - INFO - Inserted purchase: ('Kevin Cunningham', 'Phone', 1302.1, datetime.datetime(2026, 2, 22, 21, 9, 29, 802006))
2026-02-22 21:09:33,783 - INFO - Inserted purchase: ('Christina Brown', 'Phone', 372.57, datetime.datetime(2026, 2, 22, 21, 9, 33, 261230))
2026-02-22 21:09:37,245 - INFO - Inserted purchase: ('Melissa Rivera', 'Phone', 1871.23, datetime.datetime(2026, 2, 22, 21, 9, 36, 784967))
2026-02-22 21:09:40,751 - INFO - Inserted purchase: ('John Rivera', 'Phone', 867.55, datetime.datetime(2026, 2, 22, 21, 9, 40, 246391))
2026-02-22 21:09:44,268 - INFO - Inserted purchase: ('Michelle Arroyo', 'Tablet', 502.32, datetime.datetime(2026, 2, 22, 21, 9, 43, 752718))
2026-02-22 21:09:47,703 - INFO - Inserted purchase: ('Sherry Sullivan', 'Tablet', 1038.28, datetime.datetime(2026, 2, 22, 21, 9, 47, 269573))
2026-02-22 21:09:51,143 - INFO - Inserted purchase: ('Katrina Thomas', 'Laptop', 1175.64, datetime.datetime(2026, 2, 22, 21, 9, 50, 704352))
2026-02-22 21:09:55,064 - INFO - Inserted purchase: ('Shawna George', 'Headphones', 519.79, datetime.datetime(2026, 2, 22, 21, 9, 54, 144506))
2026-02-22 21:09:58,680 - INFO - Inserted purchase: ('Phillip Hull', 'Tablet', 1852.07, datetime.datetime(2026, 2, 22, 21, 9, 58, 65346))
2026-02-22 21:10:02,270 - INFO - Inserted purchase: ('Mercedes Hill', 'Tablet', 1793.42, datetime.datetime(2026, 2, 22, 21, 10, 1, 681693))
2026-02-22 21:10:05,750 - INFO - Inserted purchase: ('Julie Burns', 'Laptop', 463.65, datetime.datetime(2026, 2, 22, 21, 10, 5, 272233))
2026-02-22 21:10:09,173 - INFO - Inserted purchase: ('William Castillo', 'Tablet', 673.35, datetime.datetime(2026, 2, 22, 21, 10, 8, 751128))
2026-02-22 21:10:12,645 - INFO - Inserted purchase: ('Bradley Morse', 'Headphones', 1692.6, datetime.datetime(2026, 2, 22, 21, 10, 12, 174180))
2026-02-22 21:10:16,888 - INFO - Inserted purchase: ('Gregory Pittman', 'Laptop', 918.42, datetime.datetime(2026, 2, 22, 21, 10, 15, 646586))
2026-02-22 21:10:20,784 - INFO - Inserted purchase: ('Jennifer Travis', 'Phone', 459.64, datetime.datetime(2026, 2, 22, 21, 10, 19, 890099))
2026-02-22 21:10:24,396 - INFO - Inserted purchase: ('Jason Little', 'Tablet', 1006.67, datetime.datetime(2026, 2, 22, 21, 10, 23, 785219))
2026-02-22 21:10:28,068 - INFO - Inserted purchase: ('Maria Young', 'Tablet', 1089.2, datetime.datetime(2026, 2, 22, 21, 10, 27, 398448))
2026-02-22 21:10:31,646 - INFO - Inserted purchase: ('Jacqueline Keller', 'Phone', 314.34, datetime.datetime(2026, 2, 22, 21, 10, 31, 69557))
2026-02-22 21:10:35,193 - INFO - Inserted purchase: ('Ruth Rush', 'Phone', 71.03, datetime.datetime(2026, 2, 22, 21, 10, 34, 648169))
2026-02-22 21:10:38,811 - INFO - Inserted purchase: ('Glenn Lucas', 'Tablet', 1524.89, datetime.datetime(2026, 2, 22, 21, 10, 38, 194358))
2026-02-22 21:10:42,894 - INFO - Inserted purchase: ('Teresa Castillo', 'Tablet', 1841.27, datetime.datetime(2026, 2, 22, 21, 10, 41, 813433))
2026-02-22 21:10:46,313 - INFO - Inserted purchase: ('Kyle Turner', 'Laptop', 275.62, datetime.datetime(2026, 2, 22, 21, 10, 45, 896076))
2026-02-22 21:10:49,764 - INFO - Inserted purchase: ('Natalie Morton', 'Headphones', 1144.36, datetime.datetime(2026, 2, 22, 21, 10, 49, 315193))
2026-02-22 21:10:53,604 - INFO - Inserted purchase: ('Mary Pollard', 'Tablet', 349.4, datetime.datetime(2026, 2, 22, 21, 10, 52, 765624))
2026-02-22 21:10:57,228 - INFO - Inserted purchase: ('Martin Medina', 'Tablet', 891.7, datetime.datetime(2026, 2, 22, 21, 10, 56, 604741))
2026-02-22 21:11:00,719 - INFO - Inserted purchase: ('Maria Henderson', 'Laptop', 454.7, datetime.datetime(2026, 2, 22, 21, 11, 0, 229067))
2026-02-22 21:11:04,378 - INFO - Inserted purchase: ('Jessica Newton', 'Phone', 1448.57, datetime.datetime(2026, 2, 22, 21, 11, 3, 720663))
2026-02-22 21:11:07,901 - INFO - Inserted purchase: ('Zachary Silva', 'Headphones', 1499.8, datetime.datetime(2026, 2, 22, 21, 11, 7, 379880))
2026-02-22 21:11:11,380 - INFO - Inserted purchase: ('Andrew Lawson', 'Tablet', 86.72, datetime.datetime(2026, 2, 22, 21, 11, 10, 902949))
2026-02-22 21:11:14,839 - INFO - Inserted purchase: ('Kristen Johnson', 'Laptop', 1307.24, datetime.datetime(2026, 2, 22, 21, 11, 14, 380912))
2026-02-22 21:11:18,486 - INFO - Inserted purchase: ('Kenneth Young', 'Tablet', 347.79, datetime.datetime(2026, 2, 22, 21, 11, 17, 840258))
2026-02-22 21:11:22,115 - INFO - Inserted purchase: ('Michael Rice', 'Phone', 854.58, datetime.datetime(2026, 2, 22, 21, 11, 21, 487744))
2026-02-22 21:11:25,619 - INFO - Inserted purchase: ('Rebecca Smith', 'Phone', 323.63, datetime.datetime(2026, 2, 22, 21, 11, 25, 116104))
2026-02-22 21:11:29,170 - INFO - Inserted purchase: ('David Russell', 'Headphones', 1101.42, datetime.datetime(2026, 2, 22, 21, 11, 28, 620166))
2026-02-22 21:11:32,665 - INFO - Inserted purchase: ('Michael Ashley', 'Phone', 461.92, datetime.datetime(2026, 2, 22, 21, 11, 32, 172686))
2026-02-22 21:11:36,734 - INFO - Inserted purchase: ('Joshua Ford', 'Tablet', 565.22, datetime.datetime(2026, 2, 22, 21, 11, 35, 666690))
2026-02-22 21:11:40,559 - INFO - Inserted purchase: ('Martin Williams', 'Headphones', 1946.31, datetime.datetime(2026, 2, 22, 21, 11, 39, 736078))
2026-02-22 21:11:44,442 - INFO - Inserted purchase: ('Amy Ortiz', 'Headphones', 1724.8, datetime.datetime(2026, 2, 22, 21, 11, 43, 561304))
2026-02-22 21:11:47,845 - INFO - Inserted purchase: ('Robin Bentley', 'Tablet', 530.6, datetime.datetime(2026, 2, 22, 21, 11, 47, 443588))
2026-02-22 21:11:51,340 - INFO - Inserted purchase: ('Julie Simon', 'Headphones', 1912.46, datetime.datetime(2026, 2, 22, 21, 11, 50, 847258))
2026-02-22 21:11:54,780 - INFO - Inserted purchase: ('Scott Scott', 'Phone', 460.55, datetime.datetime(2026, 2, 22, 21, 11, 54, 342216))
2026-02-22 21:11:58,466 - INFO - Inserted purchase: ('Fernando Hunt', 'Tablet', 148.65, datetime.datetime(2026, 2, 22, 21, 11, 57, 782180))
2026-02-22 21:12:02,322 - INFO - Inserted purchase: ('Pamela Welch', 'Tablet', 1731.99, datetime.datetime(2026, 2, 22, 21, 12, 1, 467375))
2026-02-22 21:12:05,794 - INFO - Inserted purchase: ('Stephanie White', 'Headphones', 1716.45, datetime.datetime(2026, 2, 22, 21, 12, 5, 324086))
2026-02-22 21:12:09,246 - INFO - Inserted purchase: ('Dennis Burke', 'Laptop', 1885.62, datetime.datetime(2026, 2, 22, 21, 12, 8, 796964))
2026-02-22 21:12:12,874 - INFO - Inserted purchase: ('Nicholas Erickson', 'Phone', 1475.41, datetime.datetime(2026, 2, 22, 21, 12, 12, 247998))
2026-02-22 21:12:16,602 - INFO - Inserted purchase: ('Michael Floyd', 'Phone', 989.41, datetime.datetime(2026, 2, 22, 21, 12, 15, 875691))
2026-02-22 21:12:20,129 - INFO - Inserted purchase: ('Kathleen Peters', 'Headphones', 1749.66, datetime.datetime(2026, 2, 22, 21, 12, 19, 603390))
2026-02-22 21:12:24,016 - INFO - Inserted purchase: ('Christy Poole', 'Tablet', 324.47, datetime.datetime(2026, 2, 22, 21, 12, 23, 130024))
2026-02-22 21:12:27,595 - INFO - Inserted purchase: ('Morgan Lawson', 'Headphones', 1343.19, datetime.datetime(2026, 2, 22, 21, 12, 27, 17036))
2026-02-22 21:12:31,000 - INFO - Inserted purchase: ('Craig Randall', 'Laptop', 443.91, datetime.datetime(2026, 2, 22, 21, 12, 30, 596094))
2026-02-22 21:12:34,435 - INFO - Inserted purchase: ('Kristin Horn', 'Tablet', 1911.0, datetime.datetime(2026, 2, 22, 21, 12, 34, 2019))
2026-02-22 21:12:37,868 - INFO - Inserted purchase: ('Justin Hodges', 'Laptop', 58.3, datetime.datetime(2026, 2, 22, 21, 12, 37, 436647))
2026-02-22 21:12:41,499 - INFO - Inserted purchase: ('Timothy Clark', 'Headphones', 276.1, datetime.datetime(2026, 2, 22, 21, 12, 40, 869416))
2026-02-22 21:12:45,092 - INFO - Inserted purchase: ('Hannah Shelton', 'Tablet', 611.85, datetime.datetime(2026, 2, 22, 21, 12, 44, 501041))
2026-02-22 21:12:48,515 - INFO - Inserted purchase: ('Maria Shaffer', 'Tablet', 601.03, datetime.datetime(2026, 2, 22, 21, 12, 48, 93546))
2026-02-22 21:12:52,141 - INFO - Inserted purchase: ('Andrea Bradshaw', 'Headphones', 1901.04, datetime.datetime(2026, 2, 22, 21, 12, 51, 516640))
2026-02-22 21:12:55,800 - INFO - Inserted purchase: ('Lisa Williams', 'Headphones', 1091.09, datetime.datetime(2026, 2, 22, 21, 12, 55, 143127))
2026-02-22 21:12:59,212 - INFO - Inserted purchase: ('Shane Becker', 'Headphones', 1528.65, datetime.datetime(2026, 2, 22, 21, 12, 58, 801680))
2026-02-22 21:13:02,617 - INFO - Inserted purchase: ('Robert Doyle', 'Laptop', 1639.87, datetime.datetime(2026, 2, 22, 21, 13, 2, 212827))
2026-02-22 21:13:06,060 - INFO - Inserted purchase: ('Amanda Barrera', 'Headphones', 537.27, datetime.datetime(2026, 2, 22, 21, 13, 5, 618572))
2026-02-22 21:13:09,518 - INFO - Inserted purchase: ('Benjamin Larson', 'Laptop', 1255.43, datetime.datetime(2026, 2, 22, 21, 13, 9, 61634))
2026-02-22 21:13:13,015 - INFO - Inserted purchase: ('Kevin Ray', 'Headphones', 1755.76, datetime.datetime(2026, 2, 22, 21, 13, 12, 519574))
2026-02-22 21:13:16,500 - INFO - Inserted purchase: ('Sierra Goodwin', 'Tablet', 951.43, datetime.datetime(2026, 2, 22, 21, 13, 16, 16016))
2026-02-22 21:13:19,910 - INFO - Inserted purchase: ('Rick Simpson', 'Laptop', 812.96, datetime.datetime(2026, 2, 22, 21, 13, 19, 502286))
2026-02-22 21:13:23,410 - INFO - Inserted purchase: ('Mary Fuller', 'Laptop', 1067.09, datetime.datetime(2026, 2, 22, 21, 13, 22, 911876))
2026-02-22 21:13:26,928 - INFO - Inserted purchase: ('Laurie Hoffman', 'Headphones', 74.4, datetime.datetime(2026, 2, 22, 21, 13, 26, 410830))
2026-02-22 21:13:30,453 - INFO - Inserted purchase: ('Amy Davis', 'Phone', 304.96, datetime.datetime(2026, 2, 22, 21, 13, 29, 929163))
2026-02-22 21:13:33,899 - INFO - Inserted purchase: ('Diana Coleman', 'Laptop', 933.36, datetime.datetime(2026, 2, 22, 21, 13, 33, 454414))
2026-02-22 21:13:37,330 - INFO - Inserted purchase: ('Greg Harris', 'Phone', 1343.34, datetime.datetime(2026, 2, 22, 21, 13, 36, 900811))
2026-02-22 21:13:40,881 - INFO - Inserted purchase: ('Stacey Padilla', 'Headphones', 479.75, datetime.datetime(2026, 2, 22, 21, 13, 40, 331966))
2026-02-22 21:13:44,379 - INFO - Inserted purchase: ('Lori Delgado', 'Laptop', 1640.85, datetime.datetime(2026, 2, 22, 21, 13, 43, 882601))
2026-02-22 21:13:47,872 - INFO - Inserted purchase: ('Emily Atkins', 'Tablet', 1631.31, datetime.datetime(2026, 2, 22, 21, 13, 47, 379999))
2026-02-22 21:13:51,447 - INFO - Inserted purchase: ('Mr. Joseph Miller MD', 'Phone', 103.41, datetime.datetime(2026, 2, 22, 21, 13, 50, 872612))
2026-02-22 21:13:54,949 - INFO - Inserted purchase: ('Kristen Alvarez', 'Laptop', 1224.16, datetime.datetime(2026, 2, 22, 21, 13, 54, 448207))
2026-02-22 21:13:58,465 - INFO - Inserted purchase: ('Laura Martin', 'Phone', 1024.55, datetime.datetime(2026, 2, 22, 21, 13, 57, 950702))
2026-02-22 21:14:01,952 - INFO - Inserted purchase: ('Michael Miller', 'Phone', 828.26, datetime.datetime(2026, 2, 22, 21, 14, 1, 466894))
2026-02-22 21:14:05,461 - INFO - Inserted purchase: ('Billy Neal', 'Headphones', 164.91, datetime.datetime(2026, 2, 22, 21, 14, 4, 953169))
2026-02-22 21:14:09,018 - INFO - Inserted purchase: ('Wesley Nelson', 'Laptop', 775.42, datetime.datetime(2026, 2, 22, 21, 14, 8, 463303))
2026-02-22 21:14:13,061 - INFO - Inserted purchase: ('Nicole Mendez', 'Laptop', 296.41, datetime.datetime(2026, 2, 22, 21, 14, 12, 19569))
2026-02-22 21:14:16,726 - INFO - Inserted purchase: ('Paul Castillo', 'Laptop', 733.01, datetime.datetime(2026, 2, 22, 21, 14, 16, 63013))
2026-02-22 21:14:20,241 - INFO - Inserted purchase: ('Rick Smith', 'Headphones', 1124.25, datetime.datetime(2026, 2, 22, 21, 14, 19, 726833))
2026-02-22 21:14:23,739 - INFO - Inserted purchase: ('Colleen Hernandez', 'Headphones', 1715.62, datetime.datetime(2026, 2, 22, 21, 14, 23, 242843))
2026-02-22 21:14:27,355 - INFO - Inserted purchase: ('Molly Davenport', 'Laptop', 736.46, datetime.datetime(2026, 2, 22, 21, 14, 26, 741196))
2026-02-22 21:14:30,787 - INFO - Inserted purchase: ('Shelly Hughes', 'Phone', 1672.27, datetime.datetime(2026, 2, 22, 21, 14, 30, 356793))
2026-02-22 21:14:34,295 - INFO - Inserted purchase: ('Paul Gonzalez', 'Headphones', 1722.54, datetime.datetime(2026, 2, 22, 21, 14, 33, 788912))
2026-02-22 21:14:37,848 - INFO - Inserted purchase: ('Dawn Church', 'Headphones', 1759.86, datetime.datetime(2026, 2, 22, 21, 14, 37, 297267))
2026-02-22 21:14:42,046 - INFO - Inserted purchase: ('Micheal Smith', 'Tablet', 1319.97, datetime.datetime(2026, 2, 22, 21, 14, 40, 848868))
2026-02-22 21:14:45,816 - INFO - Inserted purchase: ('Jon Johnson', 'Laptop', 1354.91, datetime.datetime(2026, 2, 22, 21, 14, 45, 47726))
2026-02-22 21:14:49,258 - INFO - Inserted purchase: ('Jacob Murphy', 'Laptop', 1389.88, datetime.datetime(2026, 2, 22, 21, 14, 48, 817929))
2026-02-22 21:14:52,763 - INFO - Inserted purchase: ('Andrea Warren', 'Phone', 937.66, datetime.datetime(2026, 2, 22, 21, 14, 52, 259671))
2026-02-22 21:14:56,207 - INFO - Inserted purchase: ('Linda Aguilar', 'Headphones', 1476.97, datetime.datetime(2026, 2, 22, 21, 14, 55, 764527))
2026-02-22 21:14:59,681 - INFO - Inserted purchase: ('Robert Spears', 'Laptop', 563.39, datetime.datetime(2026, 2, 22, 21, 14, 59, 209169))
2026-02-22 21:15:03,558 - INFO - Inserted purchase: ('Peter Richard', 'Tablet', 1710.69, datetime.datetime(2026, 2, 22, 21, 15, 2, 682951))
2026-02-22 21:15:07,195 - INFO - Inserted purchase: ('Tamara Carpenter', 'Tablet', 1835.78, datetime.datetime(2026, 2, 22, 21, 15, 6, 559418))
2026-02-22 21:15:10,958 - INFO - Inserted purchase: ('Brian Kennedy', 'Phone', 970.41, datetime.datetime(2026, 2, 22, 21, 15, 10, 196199))
2026-02-22 21:15:14,694 - INFO - Inserted purchase: ('Melissa Martin', 'Headphones', 872.1, datetime.datetime(2026, 2, 22, 21, 15, 13, 960371))
2026-02-22 21:15:18,405 - INFO - Inserted purchase: ('Lori Miller', 'Laptop', 1318.12, datetime.datetime(2026, 2, 22, 21, 15, 17, 696132))
2026-02-22 21:15:22,067 - INFO - Inserted purchase: ('Tammy Hodge', 'Headphones', 613.7, datetime.datetime(2026, 2, 22, 21, 15, 21, 406118))
2026-02-22 21:15:25,599 - INFO - Inserted purchase: ('Tiffany Lewis', 'Headphones', 1213.25, datetime.datetime(2026, 2, 22, 21, 15, 25, 68777))
2026-02-22 21:15:29,039 - INFO - Inserted purchase: ('Robert Freeman', 'Laptop', 867.34, datetime.datetime(2026, 2, 22, 21, 15, 28, 600584))
2026-02-22 21:15:32,973 - INFO - Inserted purchase: ('Christopher Beck', 'Tablet', 971.63, datetime.datetime(2026, 2, 22, 21, 15, 32, 41114))
2026-02-22 21:15:36,480 - INFO - Inserted purchase: ('Sarah Spence', 'Phone', 179.91, datetime.datetime(2026, 2, 22, 21, 15, 35, 975152))
2026-02-22 21:15:40,215 - INFO - Inserted purchase: ('Stephanie Garcia', 'Headphones', 1565.87, datetime.datetime(2026, 2, 22, 21, 15, 39, 481516))
2026-02-22 21:15:43,786 - INFO - Inserted purchase: ('Charles Martinez', 'Laptop', 1170.03, datetime.datetime(2026, 2, 22, 21, 15, 43, 215812))
2026-02-22 21:15:47,292 - INFO - Inserted purchase: ('Heather Wolf', 'Tablet', 1067.49, datetime.datetime(2026, 2, 22, 21, 15, 46, 788143))
2026-02-22 21:15:50,763 - INFO - Inserted purchase: ('David Jones', 'Laptop', 1476.02, datetime.datetime(2026, 2, 22, 21, 15, 50, 293890))
2026-02-22 21:15:54,193 - INFO - Inserted purchase: ('Jennifer Lara', 'Phone', 214.12, datetime.datetime(2026, 2, 22, 21, 15, 53, 764235))
2026-02-22 21:15:57,964 - INFO - Inserted purchase: ('Jamie Keller', 'Phone', 1703.16, datetime.datetime(2026, 2, 22, 21, 15, 57, 194440))
2026-02-22 21:16:01,404 - INFO - Inserted purchase: ('Pamela Ford', 'Laptop', 1469.38, datetime.datetime(2026, 2, 22, 21, 16, 0, 966542))
2026-02-22 21:16:04,947 - INFO - Inserted purchase: ('Gabrielle Campos', 'Headphones', 1512.61, datetime.datetime(2026, 2, 22, 21, 16, 4, 405289))
2026-02-22 21:16:08,572 - INFO - Inserted purchase: ('Stephanie Johnson', 'Tablet', 1208.51, datetime.datetime(2026, 2, 22, 21, 16, 7, 949150))
2026-02-22 21:16:12,097 - INFO - Inserted purchase: ('Troy Wheeler', 'Phone', 1062.48, datetime.datetime(2026, 2, 22, 21, 16, 11, 573796))
2026-02-22 21:16:15,584 - INFO - Inserted purchase: ('Julia Brennan', 'Headphones', 1004.72, datetime.datetime(2026, 2, 22, 21, 16, 15, 98396))
2026-02-22 21:16:19,213 - INFO - Inserted purchase: ('Sarah Mckee', 'Headphones', 545.38, datetime.datetime(2026, 2, 22, 21, 16, 18, 585598))
2026-02-22 21:16:22,697 - INFO - Inserted purchase: ('Claudia Carlson', 'Laptop', 1236.77, datetime.datetime(2026, 2, 22, 21, 16, 22, 214262))
2026-02-22 21:16:26,274 - INFO - Inserted purchase: ('Brandon Huber', 'Phone', 587.45, datetime.datetime(2026, 2, 22, 21, 16, 25, 698366))
2026-02-22 21:16:30,209 - INFO - Inserted purchase: ('Richard White', 'Headphones', 1113.45, datetime.datetime(2026, 2, 22, 21, 16, 29, 275060))
2026-02-22 21:16:33,693 - INFO - Inserted purchase: ('Timothy Williams', 'Tablet', 306.42, datetime.datetime(2026, 2, 22, 21, 16, 33, 210601))
2026-02-22 21:16:37,599 - INFO - Inserted purchase: ('Courtney King', 'Phone', 119.21, datetime.datetime(2026, 2, 22, 21, 16, 36, 695478))
2026-02-22 21:16:41,338 - INFO - Inserted purchase: ('Michelle Brewer', 'Laptop', 1610.79, datetime.datetime(2026, 2, 22, 21, 16, 40, 600956))
2026-02-22 21:16:44,742 - INFO - Inserted purchase: ('Christopher Morgan', 'Headphones', 1516.39, datetime.datetime(2026, 2, 22, 21, 16, 44, 341233))
2026-02-22 21:16:48,751 - INFO - Inserted purchase: ('Gloria Summers', 'Headphones', 1561.15, datetime.datetime(2026, 2, 22, 21, 16, 47, 744305))
2026-02-22 21:16:52,179 - INFO - Inserted purchase: ('Sean Anderson', 'Headphones', 1949.83, datetime.datetime(2026, 2, 22, 21, 16, 51, 752698))
2026-02-22 21:16:55,867 - INFO - Inserted purchase: ('Lauren Mckinney', 'Phone', 1542.74, datetime.datetime(2026, 2, 22, 21, 16, 55, 180678))
2026-02-22 21:16:59,383 - INFO - Inserted purchase: ('Elizabeth Barnes', 'Phone', 1017.59, datetime.datetime(2026, 2, 22, 21, 16, 58, 869897))
2026-02-22 21:17:03,120 - INFO - Inserted purchase: ('Scott Spencer', 'Tablet', 823.09, datetime.datetime(2026, 2, 22, 21, 17, 2, 384734))
2026-02-22 21:17:06,676 - INFO - Inserted purchase: ('Michael Wilkins', 'Phone', 169.15, datetime.datetime(2026, 2, 22, 21, 17, 6, 121851))
2026-02-22 21:17:10,078 - INFO - Inserted purchase: ('Regina Pratt', 'Tablet', 992.72, datetime.datetime(2026, 2, 22, 21, 17, 9, 677709))
2026-02-22 21:17:13,573 - INFO - Inserted purchase: ('Jackie Kirby', 'Tablet', 778.0, datetime.datetime(2026, 2, 22, 21, 17, 13, 80849))
2026-02-22 21:17:17,006 - INFO - Inserted purchase: ('Thomas Velasquez', 'Tablet', 1433.35, datetime.datetime(2026, 2, 22, 21, 17, 16, 574588))
2026-02-22 21:17:20,876 - INFO - Inserted purchase: ('Eric Briggs', 'Headphones', 916.69, datetime.datetime(2026, 2, 22, 21, 17, 20, 8402))
2026-02-22 21:17:25,127 - INFO - Inserted purchase: ('Scott Thomas', 'Laptop', 1634.5, datetime.datetime(2026, 2, 22, 21, 17, 23, 878571))
2026-02-22 21:17:29,777 - INFO - Inserted purchase: ('Jennifer Riley', 'Headphones', 905.66, datetime.datetime(2026, 2, 22, 21, 17, 28, 128346))
2026-02-22 21:17:34,081 - INFO - Inserted purchase: ('Susan Rivas', 'Headphones', 1580.01, datetime.datetime(2026, 2, 22, 21, 17, 32, 778834))
2026-02-22 21:17:38,444 - INFO - Inserted purchase: ('Kevin Wells', 'Laptop', 1770.39, datetime.datetime(2026, 2, 22, 21, 17, 37, 83042))
2026-02-22 21:17:41,964 - INFO - Inserted purchase: ('Robert Flores', 'Phone', 1043.16, datetime.datetime(2026, 2, 22, 21, 17, 41, 445561))
2026-02-22 21:17:46,872 - INFO - Inserted purchase: ('Keith Ewing', 'Headphones', 140.82, datetime.datetime(2026, 2, 22, 21, 17, 44, 965841))
2026-02-22 21:17:50,546 - INFO - Inserted purchase: ('Taylor Mills', 'Tablet', 498.7, datetime.datetime(2026, 2, 22, 21, 17, 49, 874492))
2026-02-22 21:17:54,255 - INFO - Inserted purchase: ('Garrett Calderon', 'Headphones', 1489.85, datetime.datetime(2026, 2, 22, 21, 17, 53, 548334))
2026-02-22 21:17:57,978 - INFO - Inserted purchase: ('Jordan Powell', 'Phone', 1275.67, datetime.datetime(2026, 2, 22, 21, 17, 57, 256361))
2026-02-22 21:18:01,596 - INFO - Inserted purchase: ('Charlene Chapman', 'Laptop', 775.34, datetime.datetime(2026, 2, 22, 21, 18, 0, 979124))
2026-02-22 21:18:05,097 - INFO - Inserted purchase: ('Mary Coleman', 'Tablet', 929.75, datetime.datetime(2026, 2, 22, 21, 18, 4, 597606))
2026-02-22 21:18:08,719 - INFO - Inserted purchase: ('Kevin Bender', 'Phone', 1405.17, datetime.datetime(2026, 2, 22, 21, 18, 8, 98519))
2026-02-22 21:18:12,221 - INFO - Inserted purchase: ('Patricia Cox', 'Tablet', 646.41, datetime.datetime(2026, 2, 22, 21, 18, 11, 720629))
2026-02-22 21:18:15,786 - INFO - Inserted purchase: ('Samuel Stewart', 'Phone', 1649.46, datetime.datetime(2026, 2, 22, 21, 18, 15, 222948))
2026-02-22 21:18:19,401 - INFO - Inserted purchase: ('Eric Williams', 'Headphones', 1269.55, datetime.datetime(2026, 2, 22, 21, 18, 18, 787330))
2026-02-22 21:18:22,995 - INFO - Inserted purchase: ('Austin Scott', 'Phone', 1545.74, datetime.datetime(2026, 2, 22, 21, 18, 22, 403518))
2026-02-22 21:18:26,531 - INFO - Inserted purchase: ('Kari Williams', 'Phone', 760.11, datetime.datetime(2026, 2, 22, 21, 18, 25, 996322))
2026-02-22 21:18:30,064 - INFO - Inserted purchase: ('Alex Booker', 'Laptop', 142.37, datetime.datetime(2026, 2, 22, 21, 18, 29, 532977))
2026-02-22 21:18:33,577 - INFO - Inserted purchase: ('Lindsey Bentley', 'Laptop', 231.43, datetime.datetime(2026, 2, 22, 21, 18, 33, 66131))
2026-02-22 21:18:37,116 - INFO - Inserted purchase: ('Tiffany Lin', 'Phone', 1789.38, datetime.datetime(2026, 2, 22, 21, 18, 36, 579068))
2026-02-22 21:18:40,579 - INFO - Inserted purchase: ('Scott Francis', 'Laptop', 80.91, datetime.datetime(2026, 2, 22, 21, 18, 40, 117524))
2026-02-22 21:18:43,989 - INFO - Inserted purchase: ('Jamie Heath', 'Tablet', 1068.44, datetime.datetime(2026, 2, 22, 21, 18, 43, 580712))
2026-02-22 21:18:47,475 - INFO - Inserted purchase: ('Donald Tanner', 'Phone', 1315.56, datetime.datetime(2026, 2, 22, 21, 18, 46, 990843))
2026-02-22 21:18:51,076 - INFO - Inserted purchase: ('Ryan Brown', 'Headphones', 349.38, datetime.datetime(2026, 2, 22, 21, 18, 50, 476877))
2026-02-22 21:18:54,660 - INFO - Inserted purchase: ('James Cook', 'Tablet', 1013.0, datetime.datetime(2026, 2, 22, 21, 18, 54, 78261))
2026-02-22 21:18:58,673 - INFO - Inserted purchase: ('Cheryl Thomas', 'Tablet', 1337.94, datetime.datetime(2026, 2, 22, 21, 18, 57, 662008))
2026-02-22 21:19:02,377 - INFO - Inserted purchase: ('Shannon Sanchez', 'Laptop', 1404.35, datetime.datetime(2026, 2, 22, 21, 19, 1, 675380))
2026-02-22 21:19:06,080 - INFO - Inserted purchase: ('Richard Hernandez', 'Laptop', 973.13, datetime.datetime(2026, 2, 22, 21, 19, 5, 378978))
2026-02-22 21:19:09,579 - INFO - Inserted purchase: ('Katie Bridges', 'Phone', 1611.96, datetime.datetime(2026, 2, 22, 21, 19, 9, 81433))
2026-02-22 21:19:13,039 - INFO - Inserted purchase: ('Daniel Mills', 'Phone', 1088.21, datetime.datetime(2026, 2, 22, 21, 19, 12, 580786))
2026-02-22 21:19:16,730 - INFO - Inserted purchase: ('Keith Martin', 'Laptop', 915.16, datetime.datetime(2026, 2, 22, 21, 19, 16, 40926))
2026-02-22 21:19:20,272 - INFO - Inserted purchase: ('Alicia Cook', 'Headphones', 342.61, datetime.datetime(2026, 2, 22, 21, 19, 19, 731554))
2026-02-22 21:19:23,789 - INFO - Inserted purchase: ('Bradley Matthews', 'Headphones', 254.08, datetime.datetime(2026, 2, 22, 21, 19, 23, 273331))
2026-02-22 21:19:27,326 - INFO - Inserted purchase: ('Shawn Scott', 'Headphones', 1025.41, datetime.datetime(2026, 2, 22, 21, 19, 26, 791240))
2026-02-22 21:19:30,892 - INFO - Inserted purchase: ('Melvin Kemp', 'Tablet', 1579.26, datetime.datetime(2026, 2, 22, 21, 19, 30, 327844))
2026-02-22 21:19:34,401 - INFO - Inserted purchase: ('Nathan Conley', 'Phone', 183.44, datetime.datetime(2026, 2, 22, 21, 19, 33, 894289))
2026-02-22 21:19:37,893 - INFO - Inserted purchase: ('Lorraine Brown', 'Tablet', 1180.49, datetime.datetime(2026, 2, 22, 21, 19, 37, 402865))
2026-02-22 21:19:41,539 - INFO - Inserted purchase: ('Darlene Howard', 'Headphones', 1051.17, datetime.datetime(2026, 2, 22, 21, 19, 40, 894300))
2026-02-22 21:19:45,044 - INFO - Inserted purchase: ('Robin Figueroa', 'Laptop', 615.93, datetime.datetime(2026, 2, 22, 21, 19, 44, 540476))
2026-02-22 21:19:48,489 - INFO - Inserted purchase: ('Daniel Warren', 'Phone', 1596.57, datetime.datetime(2026, 2, 22, 21, 19, 48, 45334))
2026-02-22 21:19:51,966 - INFO - Inserted purchase: ('Daniel Walker', 'Tablet', 1337.01, datetime.datetime(2026, 2, 22, 21, 19, 51, 490589))
2026-02-22 21:19:55,411 - INFO - Inserted purchase: ('Marvin Vega', 'Headphones', 742.86, datetime.datetime(2026, 2, 22, 21, 19, 54, 967477))
2026-02-22 21:19:59,024 - INFO - Inserted purchase: ('Leslie Williamson', 'Tablet', 481.09, datetime.datetime(2026, 2, 22, 21, 19, 58, 412658))
2026-02-22 21:20:02,578 - INFO - Inserted purchase: ('Michael Hicks', 'Laptop', 376.22, datetime.datetime(2026, 2, 22, 21, 20, 2, 25254))
2026-02-22 21:20:06,169 - INFO - Inserted purchase: ('Luke Sanders', 'Headphones', 1012.77, datetime.datetime(2026, 2, 22, 21, 20, 5, 579251))
2026-02-22 21:20:09,628 - INFO - Inserted purchase: ('Sherri Cooper', 'Laptop', 1936.05, datetime.datetime(2026, 2, 22, 21, 20, 9, 171384))
2026-02-22 21:20:13,080 - INFO - Inserted purchase: ('Tracie Phillips', 'Tablet', 1468.91, datetime.datetime(2026, 2, 22, 21, 20, 12, 629456))
2026-02-22 21:20:16,537 - INFO - Inserted purchase: ('Alexander Wilson', 'Headphones', 1674.7, datetime.datetime(2026, 2, 22, 21, 20, 16, 81328))
2026-02-22 21:20:20,240 - INFO - Inserted purchase: ('Jacob Patrick', 'Headphones', 1453.01, datetime.datetime(2026, 2, 22, 21, 20, 19, 539065))
2026-02-22 21:20:23,795 - INFO - Inserted purchase: ('Tony Bennett', 'Laptop', 410.54, datetime.datetime(2026, 2, 22, 21, 20, 23, 241600))
2026-02-22 21:20:27,299 - INFO - Inserted purchase: ('Bobby Zimmerman', 'Tablet', 1596.18, datetime.datetime(2026, 2, 22, 21, 20, 26, 796678))
2026-02-22 21:20:30,835 - INFO - Inserted purchase: ('Nicole Bruce', 'Laptop', 437.32, datetime.datetime(2026, 2, 22, 21, 20, 30, 300739))
2026-02-22 21:20:34,346 - INFO - Inserted purchase: ('Kevin Johnson', 'Tablet', 1840.72, datetime.datetime(2026, 2, 22, 21, 20, 33, 837635))
2026-02-22 21:20:37,786 - INFO - Inserted purchase: ('John Allen', 'Phone', 1422.42, datetime.datetime(2026, 2, 22, 21, 20, 37, 347236))
2026-02-22 21:20:41,210 - INFO - Inserted purchase: ('Catherine Guzman', 'Phone', 1800.1, datetime.datetime(2026, 2, 22, 21, 20, 40, 787094))
2026-02-22 21:20:44,634 - INFO - Inserted purchase: ('Deborah Lamb', 'Headphones', 1405.5, datetime.datetime(2026, 2, 22, 21, 20, 44, 212143))
2026-02-22 21:20:48,091 - INFO - Inserted purchase: ('Wendy Flores', 'Laptop', 1923.78, datetime.datetime(2026, 2, 22, 21, 20, 47, 635438))
2026-02-22 21:20:52,307 - INFO - Inserted purchase: ('Linda Whitaker', 'Laptop', 1109.71, datetime.datetime(2026, 2, 22, 21, 20, 51, 93046))
2026-02-22 21:20:55,914 - INFO - Inserted purchase: ('Jessica Flores', 'Phone', 545.1, datetime.datetime(2026, 2, 22, 21, 20, 55, 308151))
2026-02-22 21:20:59,530 - INFO - Inserted purchase: ('Matthew Martin', 'Phone', 1614.22, datetime.datetime(2026, 2, 22, 21, 20, 58, 916640))
2026-02-22 21:21:03,073 - INFO - Inserted purchase: ('Angela Obrien', 'Phone', 881.28, datetime.datetime(2026, 2, 22, 21, 21, 2, 531118))
2026-02-22 21:21:06,593 - INFO - Inserted purchase: ('James Calhoun', 'Tablet', 1684.84, datetime.datetime(2026, 2, 22, 21, 21, 6, 74496))
2026-02-22 21:21:10,094 - INFO - Inserted purchase: ('Anna Shannon', 'Headphones', 183.48, datetime.datetime(2026, 2, 22, 21, 21, 9, 594258))
2026-02-22 21:21:13,567 - INFO - Inserted purchase: ('Sarah Nolan', 'Phone', 924.36, datetime.datetime(2026, 2, 22, 21, 21, 13, 95662))
2026-02-22 21:21:17,037 - INFO - Inserted purchase: ('Kelly Rivera', 'Phone', 1869.68, datetime.datetime(2026, 2, 22, 21, 21, 16, 568999))
2026-02-22 21:21:20,516 - INFO - Inserted purchase: ('David Osborne', 'Laptop', 1278.27, datetime.datetime(2026, 2, 22, 21, 21, 20, 39008))
2026-02-22 21:21:23,942 - INFO - Inserted purchase: ('Amanda Romero DDS', 'Tablet', 464.56, datetime.datetime(2026, 2, 22, 21, 21, 23, 517359))
2026-02-22 21:21:27,333 - INFO - Inserted purchase: ('Robin Pena', 'Headphones', 668.45, datetime.datetime(2026, 2, 22, 21, 21, 26, 943951))
2026-02-22 21:21:30,959 - INFO - Inserted purchase: ('Arthur Chang', 'Laptop', 1010.47, datetime.datetime(2026, 2, 22, 21, 21, 30, 334273))
2026-02-22 21:21:34,588 - INFO - Inserted purchase: ('Richard Garcia', 'Tablet', 1960.93, datetime.datetime(2026, 2, 22, 21, 21, 33, 961193))
2026-02-22 21:21:38,031 - INFO - Inserted purchase: ('Thomas Mccormick', 'Phone', 1051.21, datetime.datetime(2026, 2, 22, 21, 21, 37, 589362))
2026-02-22 21:21:41,532 - INFO - Inserted purchase: ('Christopher Sanchez', 'Tablet', 302.17, datetime.datetime(2026, 2, 22, 21, 21, 41, 32226))
2026-02-22 21:21:45,047 - INFO - Inserted purchase: ('David Roberts', 'Headphones', 1214.68, datetime.datetime(2026, 2, 22, 21, 21, 44, 533108))
2026-02-22 21:21:48,559 - INFO - Inserted purchase: ('Gregory Robinson', 'Tablet', 393.33, datetime.datetime(2026, 2, 22, 21, 21, 48, 48882))
2026-02-22 21:21:52,003 - INFO - Inserted purchase: ('Susan Curry', 'Phone', 897.72, datetime.datetime(2026, 2, 22, 21, 21, 51, 560314))
2026-02-22 21:21:55,548 - INFO - Inserted purchase: ('Troy Perez', 'Phone', 476.47, datetime.datetime(2026, 2, 22, 21, 21, 55, 4853))
2026-02-22 21:21:58,957 - INFO - Inserted purchase: ('Mrs. Christina Sanford', 'Headphones', 1961.26, datetime.datetime(2026, 2, 22, 21, 21, 58, 549298))
2026-02-22 21:22:02,416 - INFO - Inserted purchase: ('Sarah Jones', 'Laptop', 1310.21, datetime.datetime(2026, 2, 22, 21, 22, 1, 959700))
2026-02-22 21:22:05,996 - INFO - Inserted purchase: ('Ryan Johnston', 'Phone', 1259.92, datetime.datetime(2026, 2, 22, 21, 22, 5, 418223))
2026-02-22 21:22:09,599 - INFO - Inserted purchase: ('Walter Ramirez', 'Headphones', 770.7, datetime.datetime(2026, 2, 22, 21, 22, 8, 997753))
2026-02-22 21:22:13,809 - INFO - Inserted purchase: ('Kenneth Webb', 'Headphones', 1705.45, datetime.datetime(2026, 2, 22, 21, 22, 12, 600336))
2026-02-22 21:22:17,257 - INFO - Inserted purchase: ('Kelly Henson', 'Headphones', 1587.13, datetime.datetime(2026, 2, 22, 21, 22, 16, 810557))
2026-02-22 21:22:20,787 - INFO - Inserted purchase: ('Dr. Patricia Rodriguez', 'Phone', 1109.85, datetime.datetime(2026, 2, 22, 21, 22, 20, 259511))
2026-02-22 21:22:24,393 - INFO - Inserted purchase: ('Jerome Keller', 'Laptop', 807.61, datetime.datetime(2026, 2, 22, 21, 22, 23, 787762))
2026-02-22 21:22:27,864 - INFO - Inserted purchase: ('Amanda Farmer', 'Headphones', 773.01, datetime.datetime(2026, 2, 22, 21, 22, 27, 395356))
2026-02-22 21:22:31,438 - INFO - Inserted purchase: ('Briana Williams', 'Laptop', 1950.48, datetime.datetime(2026, 2, 22, 21, 22, 30, 864839))
2026-02-22 21:22:35,002 - INFO - Inserted purchase: ('Cheryl Hale', 'Laptop', 235.61, datetime.datetime(2026, 2, 22, 21, 22, 34, 439527))
2026-02-22 21:22:38,441 - INFO - Inserted purchase: ('Sarah Rasmussen', 'Phone', 1335.7, datetime.datetime(2026, 2, 22, 21, 22, 38, 3760))
2026-02-22 21:22:41,968 - INFO - Inserted purchase: ('Robert Haney', 'Tablet', 1058.72, datetime.datetime(2026, 2, 22, 21, 22, 41, 442198))
2026-02-22 21:22:45,528 - INFO - Inserted purchase: ('Kristina Thompson', 'Laptop', 1878.86, datetime.datetime(2026, 2, 22, 21, 22, 44, 969385))
2026-02-22 21:22:49,128 - INFO - Inserted purchase: ('Ryan Espinoza', 'Laptop', 726.22, datetime.datetime(2026, 2, 22, 21, 22, 48, 528953))
2026-02-22 21:22:52,586 - INFO - Inserted purchase: ('Thomas Smith', 'Headphones', 1832.13, datetime.datetime(2026, 2, 22, 21, 22, 52, 129938))
2026-02-22 21:22:56,118 - INFO - Inserted purchase: ('Ashley Murphy', 'Headphones', 1252.85, datetime.datetime(2026, 2, 22, 21, 22, 55, 586957))
2026-02-22 21:22:59,567 - INFO - Inserted purchase: ('Edward Riddle', 'Tablet', 1365.31, datetime.datetime(2026, 2, 22, 21, 22, 59, 119753))
2026-02-22 21:23:03,076 - INFO - Inserted purchase: ('Danielle Clements', 'Laptop', 880.86, datetime.datetime(2026, 2, 22, 21, 23, 2, 568859))
2026-02-22 21:23:06,628 - INFO - Inserted purchase: ('Leah Perez', 'Laptop', 1397.49, datetime.datetime(2026, 2, 22, 21, 23, 6, 77856))
2026-02-22 21:23:10,141 - INFO - Inserted purchase: ('Sandra Tyler', 'Tablet', 1389.9, datetime.datetime(2026, 2, 22, 21, 23, 9, 629238))
2026-02-22 21:23:13,876 - INFO - Inserted purchase: ('Donna Stark', 'Headphones', 519.51, datetime.datetime(2026, 2, 22, 21, 23, 13, 142664))
2026-02-22 21:23:17,487 - INFO - Inserted purchase: ('Michael Clark', 'Tablet', 86.46, datetime.datetime(2026, 2, 22, 21, 23, 16, 878448))
2026-02-22 21:23:21,047 - INFO - Inserted purchase: ('Julie Castillo', 'Headphones', 895.23, datetime.datetime(2026, 2, 22, 21, 23, 20, 488460))
2026-02-22 21:23:24,690 - INFO - Inserted purchase: ('Heather Benson', 'Headphones', 1252.49, datetime.datetime(2026, 2, 22, 21, 23, 24, 49282))
2026-02-22 21:23:28,115 - INFO - Inserted purchase: ('Kevin Schmidt', 'Phone', 1697.43, datetime.datetime(2026, 2, 22, 21, 23, 27, 691534))
2026-02-22 21:23:31,819 - INFO - Inserted purchase: ('Kathy Reyes', 'Headphones', 672.67, datetime.datetime(2026, 2, 22, 21, 23, 31, 115968))
2026-02-22 21:23:35,297 - INFO - Inserted purchase: ('Nancy Wilkerson', 'Phone', 1892.75, datetime.datetime(2026, 2, 22, 21, 23, 34, 821665))
2026-02-22 21:23:38,736 - INFO - Inserted purchase: ('Courtney Burns', 'Laptop', 379.6, datetime.datetime(2026, 2, 22, 21, 23, 38, 298904))
2026-02-22 21:23:42,196 - INFO - Inserted purchase: ('Susan Hodge', 'Tablet', 698.26, datetime.datetime(2026, 2, 22, 21, 23, 41, 736926))
2026-02-22 21:23:45,645 - INFO - Inserted purchase: ('Kristen Cisneros', 'Phone', 1622.69, datetime.datetime(2026, 2, 22, 21, 23, 45, 198226))
2026-02-22 21:23:49,893 - INFO - Inserted purchase: ('Joseph Nicholson', 'Laptop', 55.52, datetime.datetime(2026, 2, 22, 21, 23, 48, 647403))
2026-02-22 21:23:53,372 - INFO - Inserted purchase: ('Theodore Dorsey', 'Laptop', 1096.72, datetime.datetime(2026, 2, 22, 21, 23, 52, 895114))
2026-02-22 21:23:57,533 - INFO - Inserted purchase: ('Amanda Williams', 'Headphones', 1933.32, datetime.datetime(2026, 2, 22, 21, 23, 56, 373846))
2026-02-22 21:24:01,161 - INFO - Inserted purchase: ('Sara Moore', 'Laptop', 1235.47, datetime.datetime(2026, 2, 22, 21, 24, 0, 534706))
2026-02-22 21:24:04,763 - INFO - Inserted purchase: ('Edward Miller', 'Headphones', 637.46, datetime.datetime(2026, 2, 22, 21, 24, 4, 161937))
2026-02-22 21:24:08,259 - INFO - Inserted purchase: ('Oscar Burns', 'Laptop', 909.06, datetime.datetime(2026, 2, 22, 21, 24, 7, 765317))
2026-02-22 21:24:11,791 - INFO - Inserted purchase: ('Kenneth Miller', 'Headphones', 276.98, datetime.datetime(2026, 2, 22, 21, 24, 11, 261843))
2026-02-22 21:24:15,245 - INFO - Inserted purchase: ('Michael Bell', 'Tablet', 1081.36, datetime.datetime(2026, 2, 22, 21, 24, 14, 793084))
2026-02-22 21:24:18,927 - INFO - Inserted purchase: ('Sonya Gutierrez', 'Headphones', 502.37, datetime.datetime(2026, 2, 22, 21, 24, 18, 247043))
2026-02-22 21:24:22,346 - INFO - Inserted purchase: ('Kelly Kaiser', 'Tablet', 1316.05, datetime.datetime(2026, 2, 22, 21, 24, 21, 928142))
2026-02-22 21:24:25,855 - INFO - Inserted purchase: ('Austin Curtis', 'Headphones', 187.61, datetime.datetime(2026, 2, 22, 21, 24, 25, 347700))
2026-02-22 21:24:29,441 - INFO - Inserted purchase: ('Beverly Campbell', 'Phone', 202.84, datetime.datetime(2026, 2, 22, 21, 24, 28, 856863))
2026-02-22 21:24:32,874 - INFO - Inserted purchase: ('Tiffany Leach', 'Phone', 822.91, datetime.datetime(2026, 2, 22, 21, 24, 32, 442407))
2026-02-22 21:24:36,483 - INFO - Inserted purchase: ('Angela Taylor', 'Laptop', 1970.55, datetime.datetime(2026, 2, 22, 21, 24, 35, 874839))
2026-02-22 21:24:40,045 - INFO - Inserted purchase: ('Meagan Reed', 'Laptop', 652.81, datetime.datetime(2026, 2, 22, 21, 24, 39, 485195))
2026-02-22 21:24:43,536 - INFO - Inserted purchase: ('Tina Padilla', 'Phone', 130.5, datetime.datetime(2026, 2, 22, 21, 24, 43, 46710))
2026-02-22 21:24:47,105 - INFO - Inserted purchase: ('John Smith', 'Laptop', 664.92, datetime.datetime(2026, 2, 22, 21, 24, 46, 537916))
2026-02-22 21:24:50,607 - INFO - Inserted purchase: ('Tammy Koch', 'Tablet', 1630.41, datetime.datetime(2026, 2, 22, 21, 24, 50, 106539))
2026-02-22 21:24:54,462 - INFO - Inserted purchase: ('Lindsey Singh', 'Tablet', 516.72, datetime.datetime(2026, 2, 22, 21, 24, 53, 609451))
2026-02-22 21:24:58,260 - INFO - Inserted purchase: ('Anthony Thomas', 'Tablet', 1358.66, datetime.datetime(2026, 2, 22, 21, 24, 57, 463309))
2026-02-22 21:25:01,803 - INFO - Inserted purchase: ('Frank Simpson', 'Headphones', 1072.71, datetime.datetime(2026, 2, 22, 21, 25, 1, 262036))
2026-02-22 21:25:05,232 - INFO - Inserted purchase: ('Jessica Jenkins', 'Tablet', 776.02, datetime.datetime(2026, 2, 22, 21, 25, 4, 805176))
2026-02-22 21:25:08,658 - INFO - Inserted purchase: ('Kelly Cruz', 'Phone', 1737.98, datetime.datetime(2026, 2, 22, 21, 25, 8, 234050))
2026-02-22 21:25:12,169 - INFO - Inserted purchase: ('Courtney Martin', 'Phone', 1438.74, datetime.datetime(2026, 2, 22, 21, 25, 11, 660234))
2026-02-22 21:25:15,643 - INFO - Inserted purchase: ('Teresa Hill', 'Phone', 826.26, datetime.datetime(2026, 2, 22, 21, 25, 15, 171472))
2026-02-22 21:25:19,235 - INFO - Inserted purchase: ('Robin Morton', 'Headphones', 1071.95, datetime.datetime(2026, 2, 22, 21, 25, 18, 644695))
2026-02-22 21:25:22,657 - INFO - Inserted purchase: ('Christopher Andrade', 'Phone', 1435.71, datetime.datetime(2026, 2, 22, 21, 25, 22, 236742))
2026-02-22 21:25:26,182 - INFO - Inserted purchase: ('Lauren Lawrence', 'Phone', 335.27, datetime.datetime(2026, 2, 22, 21, 25, 25, 658698))
2026-02-22 21:25:29,673 - INFO - Inserted purchase: ('Rhonda Miller', 'Tablet', 623.92, datetime.datetime(2026, 2, 22, 21, 25, 29, 184480))
2026-02-22 21:25:33,207 - INFO - Inserted purchase: ('Miguel Bauer', 'Laptop', 1754.41, datetime.datetime(2026, 2, 22, 21, 25, 32, 674967))
2026-02-22 21:25:36,608 - INFO - Inserted purchase: ('Jacob Foster', 'Headphones', 1273.91, datetime.datetime(2026, 2, 22, 21, 25, 36, 208635))
2026-02-22 21:25:40,099 - INFO - Inserted purchase: ('Amanda Price', 'Tablet', 1608.36, datetime.datetime(2026, 2, 22, 21, 25, 39, 609841))
2026-02-22 21:25:43,723 - INFO - Inserted purchase: ('Douglas Lane', 'Phone', 1278.46, datetime.datetime(2026, 2, 22, 21, 25, 43, 100673))
2026-02-22 21:25:47,295 - INFO - Inserted purchase: ('Charles Orozco', 'Laptop', 208.98, datetime.datetime(2026, 2, 22, 21, 25, 46, 724477))
2026-02-22 21:25:50,817 - INFO - Inserted purchase: ('Rachel Cook', 'Tablet', 746.79, datetime.datetime(2026, 2, 22, 21, 25, 50, 297199))
2026-02-22 21:25:54,295 - INFO - Inserted purchase: ('Sabrina Duncan', 'Headphones', 55.33, datetime.datetime(2026, 2, 22, 21, 25, 53, 818977))
2026-02-22 21:25:57,715 - INFO - Inserted purchase: ('Amanda Miller', 'Tablet', 1584.11, datetime.datetime(2026, 2, 22, 21, 25, 57, 296673))
2026-02-22 21:26:01,253 - INFO - Inserted purchase: ('William Anderson', 'Headphones', 567.44, datetime.datetime(2026, 2, 22, 21, 26, 0, 717096))
2026-02-22 21:26:04,743 - INFO - Inserted purchase: ('Regina Ware', 'Phone', 1903.4, datetime.datetime(2026, 2, 22, 21, 26, 4, 254915))
2026-02-22 21:26:08,364 - INFO - Inserted purchase: ('Jill Gibson', 'Headphones', 453.79, datetime.datetime(2026, 2, 22, 21, 26, 7, 744297))
2026-02-22 21:26:11,793 - INFO - Inserted purchase: ('Kimberly Velez', 'Laptop', 559.15, datetime.datetime(2026, 2, 22, 21, 26, 11, 365253))
2026-02-22 21:26:15,248 - INFO - Inserted purchase: ('David Cole', 'Headphones', 1902.14, datetime.datetime(2026, 2, 22, 21, 26, 14, 794959))
2026-02-22 21:26:18,661 - INFO - Inserted purchase: ('Jennifer Dunn', 'Tablet', 240.56, datetime.datetime(2026, 2, 22, 21, 26, 18, 250154))
2026-02-22 21:26:22,117 - INFO - Inserted purchase: ('Gregory Brown', 'Headphones', 1424.56, datetime.datetime(2026, 2, 22, 21, 26, 21, 662340))
2026-02-22 21:26:25,579 - INFO - Inserted purchase: ('Debra Lewis', 'Headphones', 453.96, datetime.datetime(2026, 2, 22, 21, 26, 25, 118636))
2026-02-22 21:26:29,029 - INFO - Inserted purchase: ('Michelle Williamson', 'Laptop', 973.63, datetime.datetime(2026, 2, 22, 21, 26, 28, 582044))
2026-02-22 21:26:33,017 - INFO - Inserted purchase: ('Elizabeth Newman', 'Laptop', 199.8, datetime.datetime(2026, 2, 22, 21, 26, 32, 31077))
2026-02-22 21:26:36,664 - INFO - Inserted purchase: ('Jason Garrett', 'Tablet', 153.88, datetime.datetime(2026, 2, 22, 21, 26, 36, 19468))
2026-02-22 21:26:40,151 - INFO - Inserted purchase: ('Jessica Roberts', 'Tablet', 765.19, datetime.datetime(2026, 2, 22, 21, 26, 39, 666127))
2026-02-22 21:26:43,696 - INFO - Inserted purchase: ('Jason Brown', 'Phone', 80.3, datetime.datetime(2026, 2, 22, 21, 26, 43, 152984))
2026-02-22 21:26:47,663 - INFO - Inserted purchase: ('Christopher Chan', 'Laptop', 216.45, datetime.datetime(2026, 2, 22, 21, 26, 46, 697465))
2026-02-22 21:26:51,154 - INFO - Inserted purchase: ('Lisa Andrews', 'Headphones', 1062.4, datetime.datetime(2026, 2, 22, 21, 26, 50, 664618))
2026-02-22 21:26:54,746 - INFO - Inserted purchase: ('Carl Jones', 'Tablet', 1158.79, datetime.datetime(2026, 2, 22, 21, 26, 54, 155698))
2026-02-22 21:26:58,349 - INFO - Inserted purchase: ('Keith Foster', 'Headphones', 1389.21, datetime.datetime(2026, 2, 22, 21, 26, 57, 748013))
2026-02-22 21:27:03,480 - INFO - Inserted purchase: ('Jimmy Nelson', 'Phone', 1909.9, datetime.datetime(2026, 2, 22, 21, 27, 1, 350093))
2026-02-22 21:27:07,494 - INFO - Inserted purchase: ('Jamie Thomas', 'Laptop', 1867.07, datetime.datetime(2026, 2, 22, 21, 27, 6, 481868))
2026-02-22 21:27:11,616 - INFO - Inserted purchase: ('Brittney Jackson', 'Tablet', 1526.33, datetime.datetime(2026, 2, 22, 21, 27, 10, 495724))
2026-02-22 21:27:15,235 - INFO - Inserted purchase: ('Samuel Mejia', 'Tablet', 1416.07, datetime.datetime(2026, 2, 22, 21, 27, 14, 618161))
2026-02-22 21:27:18,883 - INFO - Inserted purchase: ('David Parker', 'Headphones', 1161.85, datetime.datetime(2026, 2, 22, 21, 27, 18, 236185))
2026-02-22 21:27:22,333 - INFO - Inserted purchase: ('Bernard Harper', 'Phone', 81.14, datetime.datetime(2026, 2, 22, 21, 27, 21, 884114))
2026-02-22 21:27:25,822 - INFO - Inserted purchase: ('Juan Bishop', 'Laptop', 1145.66, datetime.datetime(2026, 2, 22, 21, 27, 25, 334345))
2026-02-22 21:27:29,291 - INFO - Inserted purchase: ('Anthony Shaffer', 'Headphones', 1292.64, datetime.datetime(2026, 2, 22, 21, 27, 28, 822878))
2026-02-22 21:27:33,041 - INFO - Inserted purchase: ('Mark Garrison', 'Headphones', 1469.76, datetime.datetime(2026, 2, 22, 21, 27, 32, 292896))
2026-02-22 21:27:36,623 - INFO - Inserted purchase: ('Miss Michelle Hoffman', 'Phone', 1715.01, datetime.datetime(2026, 2, 22, 21, 27, 36, 42437))
2026-02-22 21:27:40,134 - INFO - Inserted purchase: ('Donald Miller', 'Laptop', 1709.82, datetime.datetime(2026, 2, 22, 21, 27, 39, 624819))
2026-02-22 21:27:43,786 - INFO - Inserted purchase: ('Dr. William Stephens', 'Headphones', 1736.9, datetime.datetime(2026, 2, 22, 21, 27, 43, 135663))
2026-02-22 21:27:47,323 - INFO - Inserted purchase: ('Marcus Smith', 'Headphones', 279.69, datetime.datetime(2026, 2, 22, 21, 27, 46, 787089))
2026-02-22 21:27:50,881 - INFO - Inserted purchase: ('Daniel Bailey', 'Tablet', 403.33, datetime.datetime(2026, 2, 22, 21, 27, 50, 324634))
2026-02-22 21:27:54,577 - INFO - Inserted purchase: ('Rachel Phelps', 'Headphones', 308.74, datetime.datetime(2026, 2, 22, 21, 27, 53, 882103))
2026-02-22 21:27:58,083 - INFO - Inserted purchase: ('Carolyn Clayton', 'Laptop', 297.75, datetime.datetime(2026, 2, 22, 21, 27, 57, 578217))
2026-02-22 21:28:01,670 - INFO - Inserted purchase: ('Scott Murphy', 'Headphones', 1030.25, datetime.datetime(2026, 2, 22, 21, 28, 1, 84151))
2026-02-22 21:28:05,267 - INFO - Inserted purchase: ('Cole Hart', 'Laptop', 588.13, datetime.datetime(2026, 2, 22, 21, 28, 4, 671467))
2026-02-22 21:28:08,752 - INFO - Inserted purchase: ('Jade Sherman', 'Tablet', 58.54, datetime.datetime(2026, 2, 22, 21, 28, 8, 268808))
2026-02-22 21:28:12,201 - INFO - Inserted purchase: ('Erika Miller', 'Headphones', 1988.95, datetime.datetime(2026, 2, 22, 21, 28, 11, 754097))
2026-02-22 21:28:15,706 - INFO - Inserted purchase: ('Julie Newman', 'Tablet', 196.85, datetime.datetime(2026, 2, 22, 21, 28, 15, 202068))
2026-02-22 21:28:19,244 - INFO - Inserted purchase: ('Sara Brown', 'Phone', 1791.34, datetime.datetime(2026, 2, 22, 21, 28, 18, 707798))
2026-02-22 21:28:22,802 - INFO - Inserted purchase: ('Anna Washington', 'Headphones', 915.62, datetime.datetime(2026, 2, 22, 21, 28, 22, 245358))
2026-02-22 21:28:26,320 - INFO - Inserted purchase: ('Charlene Murphy', 'Headphones', 1445.58, datetime.datetime(2026, 2, 22, 21, 28, 25, 803910))
2026-02-22 21:28:29,868 - INFO - Inserted purchase: ('Caleb Lee', 'Headphones', 1819.12, datetime.datetime(2026, 2, 22, 21, 28, 29, 321833))
2026-02-22 21:28:33,427 - INFO - Inserted purchase: ('Tracy Marshall', 'Headphones', 827.14, datetime.datetime(2026, 2, 22, 21, 28, 32, 870879))
2026-02-22 21:28:36,836 - INFO - Inserted purchase: ('Ronnie Henderson', 'Phone', 854.12, datetime.datetime(2026, 2, 22, 21, 28, 36, 428123))
2026-02-22 21:28:40,382 - INFO - Inserted purchase: ('Allison Collins', 'Tablet', 311.36, datetime.datetime(2026, 2, 22, 21, 28, 39, 837405))
2026-02-22 21:28:44,393 - INFO - Inserted purchase: ('Barbara Gomez', 'Laptop', 667.49, datetime.datetime(2026, 2, 22, 21, 28, 43, 383474))
2026-02-22 21:28:48,802 - INFO - Inserted purchase: ('Michele Curtis', 'Tablet', 715.63, datetime.datetime(2026, 2, 22, 21, 28, 47, 394374))
2026-02-22 21:28:52,256 - INFO - Inserted purchase: ('Mr. Tim Crawford Jr.', 'Headphones', 1051.17, datetime.datetime(2026, 2, 22, 21, 28, 51, 804196))
2026-02-22 21:28:55,740 - INFO - Inserted purchase: ('Marcus Bates', 'Laptop', 1533.95, datetime.datetime(2026, 2, 22, 21, 28, 55, 257945))
2026-02-22 21:28:59,195 - INFO - Inserted purchase: ('Christina Wilson', 'Laptop', 1520.81, datetime.datetime(2026, 2, 22, 21, 28, 58, 741776))
2026-02-22 21:29:02,821 - INFO - Inserted purchase: ('Jonathan Williams', 'Tablet', 1341.59, datetime.datetime(2026, 2, 22, 21, 29, 2, 197322))
2026-02-22 21:29:06,291 - INFO - Inserted purchase: ('Mitchell Williams', 'Headphones', 544.21, datetime.datetime(2026, 2, 22, 21, 29, 5, 823289))
2026-02-22 21:29:09,677 - INFO - Inserted purchase: ('Kristina Richardson', 'Laptop', 1661.2, datetime.datetime(2026, 2, 22, 21, 29, 9, 292712))
2026-02-22 21:29:13,178 - INFO - Inserted purchase: ('Lisa Rogers', 'Headphones', 1234.77, datetime.datetime(2026, 2, 22, 21, 29, 12, 679014))
2026-02-22 21:29:16,610 - INFO - Inserted purchase: ('Timothy Day', 'Phone', 1678.89, datetime.datetime(2026, 2, 22, 21, 29, 16, 179800))
2026-02-22 21:29:20,029 - INFO - Inserted purchase: ('Sarah Brown', 'Headphones', 142.95, datetime.datetime(2026, 2, 22, 21, 29, 19, 611694))
2026-02-22 21:29:23,755 - INFO - Inserted purchase: ('Jason Wells', 'Headphones', 624.66, datetime.datetime(2026, 2, 22, 21, 29, 23, 30544))
2026-02-22 21:29:27,230 - INFO - Inserted purchase: ('Susan Simmons', 'Headphones', 881.02, datetime.datetime(2026, 2, 22, 21, 29, 26, 756215))
2026-02-22 21:29:30,691 - INFO - Inserted purchase: ('Lori Perez', 'Headphones', 1735.56, datetime.datetime(2026, 2, 22, 21, 29, 30, 231756))
2026-02-23 09:01:01,635 - INFO - Snowflake Connector for Python Version: 4.3.0, Python Version: 3.11.9, Platform: Windows-10-10.0.26200-SP0
2026-02-23 09:01:01,637 - INFO - Connecting to GLOBAL Snowflake domain
2026-02-23 09:01:02,290 - INFO - Found credentials in shared credentials file: ~/.aws/credentials
2026-02-23 09:01:05,511 - INFO - Inserted purchase: ('Julie Bailey', 'Laptop', 906.41, datetime.datetime(2026, 2, 23, 9, 1, 5, 77873))
2026-02-23 09:01:09,090 - INFO - Inserted purchase: ('Melanie Shea', 'Laptop', 1668.36, datetime.datetime(2026, 2, 23, 9, 1, 8, 512963))
2026-02-23 09:01:12,604 - INFO - Inserted purchase: ('Angela Ibarra', 'Headphones', 872.45, datetime.datetime(2026, 2, 23, 9, 1, 12, 90763))
2026-02-23 09:01:16,404 - INFO - Inserted purchase: ('Kelly Mitchell', 'Laptop', 1582.6, datetime.datetime(2026, 2, 23, 9, 1, 15, 604999))
2026-02-23 09:01:20,107 - INFO - Inserted purchase: ('Nathan Kennedy', 'Tablet', 1560.34, datetime.datetime(2026, 2, 23, 9, 1, 19, 405327))
2026-02-23 09:01:23,878 - INFO - Inserted purchase: ('Christopher Ruiz', 'Headphones', 1187.6, datetime.datetime(2026, 2, 23, 9, 1, 23, 108304))
2026-02-23 09:01:27,521 - INFO - Inserted purchase: ('Danielle Roberts', 'Tablet', 1806.5, datetime.datetime(2026, 2, 23, 9, 1, 26, 880090))
2026-02-23 09:01:30,962 - INFO - Inserted purchase: ('Nathan Hess', 'Laptop', 1808.67, datetime.datetime(2026, 2, 23, 9, 1, 30, 522015))
2026-02-23 09:01:35,093 - INFO - Inserted purchase: ('Sue Harris', 'Phone', 261.62, datetime.datetime(2026, 2, 23, 9, 1, 33, 963781))
2026-02-23 09:01:38,562 - INFO - Inserted purchase: ('Patrick Black', 'Headphones', 1551.88, datetime.datetime(2026, 2, 23, 9, 1, 38, 95050))
2026-02-23 09:01:42,000 - INFO - Inserted purchase: ('Edward Gordon', 'Phone', 1005.73, datetime.datetime(2026, 2, 23, 9, 1, 41, 564032))
2026-02-23 09:01:45,444 - INFO - Inserted purchase: ('Kelsey Thomas', 'Laptop', 136.06, datetime.datetime(2026, 2, 23, 9, 1, 45, 1972))
2026-02-23 09:01:48,860 - INFO - Inserted purchase: ('Cheryl Dunn', 'Tablet', 1006.19, datetime.datetime(2026, 2, 23, 9, 1, 48, 445596))
2026-02-23 09:01:52,393 - INFO - Inserted purchase: ('Adrian Brady', 'Laptop', 1802.58, datetime.datetime(2026, 2, 23, 9, 1, 51, 861678))
2026-02-23 09:01:55,873 - INFO - Inserted purchase: ('Chad Duran', 'Phone', 764.22, datetime.datetime(2026, 2, 23, 9, 1, 55, 395098))
2026-02-23 09:01:59,382 - INFO - Inserted purchase: ('Michelle Phillips', 'Tablet', 1606.75, datetime.datetime(2026, 2, 23, 9, 1, 58, 874881))
2026-02-23 09:02:02,958 - INFO - Inserted purchase: ('April White', 'Laptop', 636.84, datetime.datetime(2026, 2, 23, 9, 2, 2, 384282))
2026-02-23 09:02:06,548 - INFO - Inserted purchase: ('Michael Hull', 'Headphones', 153.02, datetime.datetime(2026, 2, 23, 9, 2, 5, 959981))
2026-02-23 09:02:10,035 - INFO - Inserted purchase: ('Kara Gilbert', 'Tablet', 1369.83, datetime.datetime(2026, 2, 23, 9, 2, 9, 550086))
2026-02-23 09:02:13,830 - INFO - Inserted purchase: ('Tami Marshall', 'Headphones', 1147.62, datetime.datetime(2026, 2, 23, 9, 2, 13, 37335))
2026-02-23 09:02:17,292 - INFO - Inserted purchase: ('Michelle Ashley', 'Headphones', 1531.65, datetime.datetime(2026, 2, 23, 9, 2, 16, 833240))
2026-02-23 09:02:21,303 - INFO - Inserted purchase: ('Veronica Herrera', 'Laptop', 958.53, datetime.datetime(2026, 2, 23, 9, 2, 20, 294454))
2026-02-23 09:02:24,842 - INFO - Inserted purchase: ('Lisa Johnson', 'Laptop', 1319.62, datetime.datetime(2026, 2, 23, 9, 2, 24, 305403))
2026-02-23 09:02:28,301 - INFO - Inserted purchase: ('Holly Moreno', 'Tablet', 1035.58, datetime.datetime(2026, 2, 23, 9, 2, 27, 843656))
2026-02-23 09:02:32,108 - INFO - Inserted purchase: ('Priscilla Frye', 'Tablet', 543.17, datetime.datetime(2026, 2, 23, 9, 2, 31, 302439))
2026-02-23 09:02:35,611 - INFO - Inserted purchase: ('Amy Velasquez', 'Headphones', 569.72, datetime.datetime(2026, 2, 23, 9, 2, 35, 109783))
2026-02-23 09:02:39,041 - INFO - Inserted purchase: ('Jill Nelson', 'Phone', 1679.53, datetime.datetime(2026, 2, 23, 9, 2, 38, 613223))
2026-02-23 09:02:42,432 - INFO - Inserted purchase: ('Adam Deleon', 'Tablet', 938.38, datetime.datetime(2026, 2, 23, 9, 2, 42, 42139))
2026-02-23 09:02:46,225 - INFO - Inserted purchase: ('Melissa Jones', 'Headphones', 1003.36, datetime.datetime(2026, 2, 23, 9, 2, 45, 433786))
2026-02-23 09:02:50,189 - INFO - Inserted purchase: ('Frank Morrison', 'Headphones', 229.37, datetime.datetime(2026, 2, 23, 9, 2, 49, 227320))
2026-02-23 09:02:53,684 - INFO - Inserted purchase: ('Jonathan Fisher', 'Phone', 869.76, datetime.datetime(2026, 2, 23, 9, 2, 53, 191529))
2026-02-23 09:02:57,164 - INFO - Inserted purchase: ('Daniel Alexander', 'Phone', 1700.41, datetime.datetime(2026, 2, 23, 9, 2, 56, 685808))
2026-02-23 09:03:00,690 - INFO - Inserted purchase: ('Amber Brown', 'Headphones', 1861.58, datetime.datetime(2026, 2, 23, 9, 3, 0, 165539))
2026-02-23 09:03:04,121 - INFO - Inserted purchase: ('Terry Leach', 'Laptop', 834.66, datetime.datetime(2026, 2, 23, 9, 3, 3, 690951))
2026-02-23 09:03:08,165 - INFO - Inserted purchase: ('Amanda Moore', 'Tablet', 1500.61, datetime.datetime(2026, 2, 23, 9, 3, 7, 122358))
2026-02-23 09:03:11,794 - INFO - Inserted purchase: ('Cody Porter', 'Tablet', 248.8, datetime.datetime(2026, 2, 23, 9, 3, 11, 166584))
2026-02-23 09:03:15,224 - INFO - Inserted purchase: ('Jonathan Jones MD', 'Phone', 58.75, datetime.datetime(2026, 2, 23, 9, 3, 14, 796433))
2026-02-23 09:03:18,690 - INFO - Inserted purchase: ('Stephanie Powell', 'Headphones', 512.69, datetime.datetime(2026, 2, 23, 9, 3, 18, 225255))
2026-02-23 09:03:22,664 - INFO - Inserted purchase: ('Crystal Joseph', 'Phone', 626.55, datetime.datetime(2026, 2, 23, 9, 3, 21, 692124))
2026-02-23 09:03:26,113 - INFO - Inserted purchase: ('Nathan Carter', 'Phone', 1154.65, datetime.datetime(2026, 2, 23, 9, 3, 25, 665442))
2026-02-23 09:03:29,518 - INFO - Inserted purchase: ('Rachel Castillo', 'Headphones', 773.79, datetime.datetime(2026, 2, 23, 9, 3, 29, 115720))
2026-02-23 09:03:32,953 - INFO - Inserted purchase: ('Andrew Jones', 'Laptop', 1678.85, datetime.datetime(2026, 2, 23, 9, 3, 32, 519021))
2026-02-23 09:03:36,779 - INFO - Inserted purchase: ('Mrs. Kelsey Turner', 'Headphones', 166.18, datetime.datetime(2026, 2, 23, 9, 3, 35, 955327))
2026-02-23 09:03:40,255 - INFO - Inserted purchase: ('Lauren Nolan', 'Phone', 486.37, datetime.datetime(2026, 2, 23, 9, 3, 39, 780999))
2026-02-23 09:03:43,746 - INFO - Inserted purchase: ('James Butler', 'Phone', 1614.27, datetime.datetime(2026, 2, 23, 9, 3, 43, 256172))
2026-02-23 09:03:47,151 - INFO - Inserted purchase: ('Bobby Richard', 'Headphones', 456.65, datetime.datetime(2026, 2, 23, 9, 3, 46, 748100))
2026-02-23 09:03:50,595 - INFO - Inserted purchase: ('Christine Jefferson', 'Tablet', 1034.7, datetime.datetime(2026, 2, 23, 9, 3, 50, 152784))
2026-02-23 09:03:54,035 - INFO - Inserted purchase: ('Steven Phillips', 'Tablet', 1670.14, datetime.datetime(2026, 2, 23, 9, 3, 53, 597032))
2026-02-23 09:03:57,723 - INFO - Inserted purchase: ('Kelly Baker', 'Phone', 1405.56, datetime.datetime(2026, 2, 23, 9, 3, 57, 37270))
2026-02-23 09:04:01,265 - INFO - Inserted purchase: ('Morgan Ward', 'Headphones', 1768.42, datetime.datetime(2026, 2, 23, 9, 4, 0, 724781))
2026-02-23 09:04:05,293 - INFO - Inserted purchase: ('Chad Gutierrez', 'Laptop', 923.99, datetime.datetime(2026, 2, 23, 9, 4, 4, 266298))
2026-02-23 09:04:09,281 - INFO - Inserted purchase: ('Latoya Chaney', 'Laptop', 1541.05, datetime.datetime(2026, 2, 23, 9, 4, 8, 294122))
2026-02-23 09:04:12,751 - INFO - Inserted purchase: ('Joseph Williamson', 'Headphones', 1294.62, datetime.datetime(2026, 2, 23, 9, 4, 12, 283621))
2026-02-23 09:04:16,197 - INFO - Inserted purchase: ('Tanya Smith', 'Laptop', 1133.15, datetime.datetime(2026, 2, 23, 9, 4, 15, 752484))
2026-02-23 09:04:19,613 - INFO - Inserted purchase: ('Tamara Johnson', 'Tablet', 167.44, datetime.datetime(2026, 2, 23, 9, 4, 19, 198173))
2026-02-23 09:04:23,005 - INFO - Inserted purchase: ('David Glenn', 'Phone', 287.37, datetime.datetime(2026, 2, 23, 9, 4, 22, 616149))
2026-02-23 09:04:26,390 - INFO - Inserted purchase: ('Julie Hancock', 'Phone', 1701.85, datetime.datetime(2026, 2, 23, 9, 4, 26, 6425))
2026-02-23 09:04:29,838 - INFO - Inserted purchase: ('Joseph Preston', 'Tablet', 164.27, datetime.datetime(2026, 2, 23, 9, 4, 29, 391354))
2026-02-23 09:04:33,210 - INFO - Inserted purchase: ('Christina Mendoza', 'Phone', 844.8, datetime.datetime(2026, 2, 23, 9, 4, 32, 839638))
2026-02-23 09:04:36,642 - INFO - Inserted purchase: ('Kathy Dean', 'Laptop', 884.01, datetime.datetime(2026, 2, 23, 9, 4, 36, 211197))
2026-02-23 09:04:40,085 - INFO - Inserted purchase: ('Karen Williams', 'Phone', 1223.35, datetime.datetime(2026, 2, 23, 9, 4, 39, 643389))
2026-02-23 09:04:43,560 - INFO - Inserted purchase: ('Theresa Black', 'Headphones', 97.39, datetime.datetime(2026, 2, 23, 9, 4, 43, 87403))
2026-02-23 09:04:46,964 - INFO - Inserted purchase: ('John Perry', 'Phone', 306.94, datetime.datetime(2026, 2, 23, 9, 4, 46, 561496))
2026-02-23 09:04:50,419 - INFO - Inserted purchase: ('Corey Martin', 'Laptop', 1083.51, datetime.datetime(2026, 2, 23, 9, 4, 49, 966591))
2026-02-23 09:04:53,913 - INFO - Inserted purchase: ('Jack Mosley', 'Headphones', 1144.49, datetime.datetime(2026, 2, 23, 9, 4, 53, 420914))
2026-02-23 09:04:57,821 - INFO - Inserted purchase: ('Robert Turner', 'Tablet', 479.65, datetime.datetime(2026, 2, 23, 9, 4, 56, 914373))
2026-02-23 09:05:01,479 - INFO - Inserted purchase: ('John Miles', 'Headphones', 111.29, datetime.datetime(2026, 2, 23, 9, 5, 0, 823735))
2026-02-23 09:05:04,960 - INFO - Inserted purchase: ('Roger Galloway', 'Phone', 915.57, datetime.datetime(2026, 2, 23, 9, 5, 4, 480596))
2026-02-23 09:05:08,371 - INFO - Inserted purchase: ('Crystal Harrington', 'Tablet', 1114.33, datetime.datetime(2026, 2, 23, 9, 5, 7, 962717))
2026-02-23 09:05:11,812 - INFO - Inserted purchase: ('Lauren Ferrell', 'Phone', 1222.9, datetime.datetime(2026, 2, 23, 9, 5, 11, 372852))
2026-02-23 09:05:15,284 - INFO - Inserted purchase: ('Emily Jensen', 'Headphones', 1203.57, datetime.datetime(2026, 2, 23, 9, 5, 14, 814108))
2026-02-23 09:05:18,742 - INFO - Inserted purchase: ('Erin Burns', 'Tablet', 548.95, datetime.datetime(2026, 2, 23, 9, 5, 18, 285237))
2026-02-23 09:05:22,157 - INFO - Inserted purchase: ('Edward Powell', 'Headphones', 1633.29, datetime.datetime(2026, 2, 23, 9, 5, 21, 743984))
2026-02-23 09:05:25,641 - INFO - Inserted purchase: ('Travis Parks', 'Laptop', 799.29, datetime.datetime(2026, 2, 23, 9, 5, 25, 158703))
2026-02-23 09:05:29,151 - INFO - Inserted purchase: ('Sean Mckenzie', 'Headphones', 1485.82, datetime.datetime(2026, 2, 23, 9, 5, 28, 642452))
2026-02-23 09:05:32,602 - INFO - Inserted purchase: ('Charlene Murray', 'Phone', 673.7, datetime.datetime(2026, 2, 23, 9, 5, 32, 153062))
2026-02-23 09:05:36,028 - INFO - Inserted purchase: ('Susan Meyer', 'Laptop', 1248.25, datetime.datetime(2026, 2, 23, 9, 5, 35, 604017))
2026-02-23 09:05:39,500 - INFO - Inserted purchase: ('Mariah Kent', 'Phone', 591.96, datetime.datetime(2026, 2, 23, 9, 5, 39, 29130))
2026-02-23 09:05:42,991 - INFO - Inserted purchase: ('Jacob Keller', 'Phone', 865.54, datetime.datetime(2026, 2, 23, 9, 5, 42, 501693))
2026-02-23 09:05:46,497 - INFO - Inserted purchase: ('Bonnie Charles', 'Headphones', 1829.69, datetime.datetime(2026, 2, 23, 9, 5, 45, 992324))
2026-02-23 09:05:50,103 - INFO - Inserted purchase: ('Benjamin Cunningham', 'Laptop', 209.62, datetime.datetime(2026, 2, 23, 9, 5, 49, 498210))
2026-02-23 09:05:53,502 - INFO - Inserted purchase: ('Henry Wilson', 'Phone', 1428.02, datetime.datetime(2026, 2, 23, 9, 5, 53, 104129))
2026-02-23 09:05:57,072 - INFO - Inserted purchase: ('Richard Franklin', 'Laptop', 699.64, datetime.datetime(2026, 2, 23, 9, 5, 56, 503215))
2026-02-23 09:06:00,586 - INFO - Inserted purchase: ('Shawn Barber', 'Tablet', 1287.21, datetime.datetime(2026, 2, 23, 9, 6, 0, 74818))
2026-02-23 09:06:04,164 - INFO - Inserted purchase: ('Jason Murphy', 'Laptop', 1507.34, datetime.datetime(2026, 2, 23, 9, 6, 3, 587502))
2026-02-23 09:06:07,647 - INFO - Inserted purchase: ('Roy Cochran', 'Phone', 1178.64, datetime.datetime(2026, 2, 23, 9, 6, 7, 165653))
2026-02-23 09:06:11,179 - INFO - Inserted purchase: ('Kevin Henderson', 'Laptop', 808.81, datetime.datetime(2026, 2, 23, 9, 6, 10, 650364))
2026-02-23 09:06:14,576 - INFO - Inserted purchase: ('Sandra Cox', 'Headphones', 856.62, datetime.datetime(2026, 2, 23, 9, 6, 14, 180431))
2026-02-23 09:06:18,001 - INFO - Inserted purchase: ('Krista Brown', 'Phone', 1147.77, datetime.datetime(2026, 2, 23, 9, 6, 17, 578299))
2026-02-23 09:06:21,578 - INFO - Inserted purchase: ('Danielle Perry', 'Phone', 378.08, datetime.datetime(2026, 2, 23, 9, 6, 21, 7213))
2026-02-23 09:06:24,985 - INFO - Inserted purchase: ('Jose Walker', 'Laptop', 1096.78, datetime.datetime(2026, 2, 23, 9, 6, 24, 578990))
2026-02-23 09:06:28,375 - INFO - Inserted purchase: ('Daniel Baxter', 'Laptop', 530.59, datetime.datetime(2026, 2, 23, 9, 6, 27, 987360))
2026-02-23 09:06:32,121 - INFO - Inserted purchase: ('Jacqueline Myers', 'Tablet', 1800.27, datetime.datetime(2026, 2, 23, 9, 6, 31, 376067))
2026-02-23 09:06:35,722 - INFO - Inserted purchase: ('Marcus Smith', 'Headphones', 94.68, datetime.datetime(2026, 2, 23, 9, 6, 35, 122477))
2026-02-23 09:06:39,276 - INFO - Inserted purchase: ('Derrick Callahan', 'Laptop', 1269.34, datetime.datetime(2026, 2, 23, 9, 6, 38, 723898))
2026-02-23 09:06:42,821 - INFO - Inserted purchase: ('Jasmine Ellis', 'Headphones', 333.1, datetime.datetime(2026, 2, 23, 9, 6, 42, 278112))
2026-02-23 09:06:47,014 - INFO - Inserted purchase: ('Victoria Leonard', 'Headphones', 791.74, datetime.datetime(2026, 2, 23, 9, 6, 45, 822800))
2026-02-23 09:06:50,469 - INFO - Inserted purchase: ('Valerie White', 'Phone', 1528.34, datetime.datetime(2026, 2, 23, 9, 6, 50, 15826))
2026-02-23 09:06:53,920 - INFO - Inserted purchase: ('John Lewis', 'Tablet', 1267.4, datetime.datetime(2026, 2, 23, 9, 6, 53, 470874))
2026-02-23 09:06:57,446 - INFO - Inserted purchase: ('Kurt Armstrong', 'Headphones', 1049.52, datetime.datetime(2026, 2, 23, 9, 6, 56, 921325))
2026-02-23 09:07:01,145 - INFO - Inserted purchase: ('Amy Lane', 'Tablet', 1074.36, datetime.datetime(2026, 2, 23, 9, 7, 0, 447520))
2026-02-23 09:07:04,765 - INFO - Inserted purchase: ('Michelle Smith', 'Laptop', 369.99, datetime.datetime(2026, 2, 23, 9, 7, 4, 146302))
2026-02-23 09:07:08,218 - INFO - Inserted purchase: ('Margaret Hicks', 'Laptop', 657.39, datetime.datetime(2026, 2, 23, 9, 7, 7, 766487))
2026-02-23 09:07:11,825 - INFO - Inserted purchase: ('Stacey Cochran', 'Phone', 61.27, datetime.datetime(2026, 2, 23, 9, 7, 11, 235696))
2026-02-23 09:07:15,769 - INFO - Inserted purchase: ('Paul Wood', 'Laptop', 1348.36, datetime.datetime(2026, 2, 23, 9, 7, 14, 826298))
2026-02-23 09:07:19,230 - INFO - Inserted purchase: ('Stephen Grimes', 'Phone', 874.42, datetime.datetime(2026, 2, 23, 9, 7, 18, 770422))
2026-02-23 09:07:22,907 - INFO - Inserted purchase: ('Jack Casey', 'Tablet', 1813.52, datetime.datetime(2026, 2, 23, 9, 7, 22, 231296))
2026-02-23 09:07:26,667 - INFO - Inserted purchase: ('Karen David', 'Laptop', 97.14, datetime.datetime(2026, 2, 23, 9, 7, 25, 910107))
2026-02-23 09:07:30,251 - INFO - Inserted purchase: ('Michelle Boyer', 'Tablet', 986.76, datetime.datetime(2026, 2, 23, 9, 7, 29, 669241))
2026-02-23 09:07:33,696 - INFO - Inserted purchase: ('Tim Thompson II', 'Headphones', 1943.89, datetime.datetime(2026, 2, 23, 9, 7, 33, 253073))
2026-02-23 09:07:37,313 - INFO - Inserted purchase: ('Bryan Bell', 'Tablet', 1962.94, datetime.datetime(2026, 2, 23, 9, 7, 36, 697978))
2026-02-23 09:07:40,933 - INFO - Inserted purchase: ('Cathy Walters', 'Laptop', 841.56, datetime.datetime(2026, 2, 23, 9, 7, 40, 314030))
2026-02-23 09:07:44,936 - INFO - Inserted purchase: ('Lucas Estrada', 'Phone', 1754.42, datetime.datetime(2026, 2, 23, 9, 7, 43, 934603))
2026-02-23 09:07:48,557 - INFO - Inserted purchase: ('Cameron Jensen', 'Tablet', 1636.61, datetime.datetime(2026, 2, 23, 9, 7, 47, 938552))
2026-02-23 09:07:52,211 - INFO - Inserted purchase: ('Calvin Stephens', 'Phone', 1100.81, datetime.datetime(2026, 2, 23, 9, 7, 51, 567434))
2026-02-23 09:07:55,693 - INFO - Inserted purchase: ('James Collins', 'Tablet', 948.4, datetime.datetime(2026, 2, 23, 9, 7, 55, 213987))
2026-02-23 09:07:59,231 - INFO - Inserted purchase: ('Joseph Jacobs', 'Tablet', 1166.91, datetime.datetime(2026, 2, 23, 9, 7, 58, 696774))
2026-02-23 09:08:02,706 - INFO - Inserted purchase: ('Samantha Sloan', 'Laptop', 226.38, datetime.datetime(2026, 2, 23, 9, 8, 2, 232241))
2026-02-23 09:08:06,108 - INFO - Inserted purchase: ('Brooke Calhoun', 'Headphones', 549.0, datetime.datetime(2026, 2, 23, 9, 8, 5, 709034))
2026-02-23 09:08:09,550 - INFO - Inserted purchase: ('Samuel Wagner', 'Headphones', 114.7, datetime.datetime(2026, 2, 23, 9, 8, 9, 109367))
2026-02-23 09:08:13,102 - INFO - Inserted purchase: ('Michael Quinn', 'Tablet', 1024.01, datetime.datetime(2026, 2, 23, 9, 8, 12, 551724))
2026-02-23 09:08:17,101 - INFO - Inserted purchase: ('William Roach', 'Phone', 1915.51, datetime.datetime(2026, 2, 23, 9, 8, 16, 104163))
2026-02-23 09:08:20,695 - INFO - Inserted purchase: ('Michael Reid', 'Tablet', 209.36, datetime.datetime(2026, 2, 23, 9, 8, 20, 102378))
2026-02-23 09:08:24,244 - INFO - Inserted purchase: ('Timothy Dickson', 'Phone', 1248.16, datetime.datetime(2026, 2, 23, 9, 8, 23, 697293))
2026-02-23 09:08:27,783 - INFO - Inserted purchase: ('Scott Solis', 'Phone', 1593.42, datetime.datetime(2026, 2, 23, 9, 8, 27, 246211))
2026-02-23 09:08:31,251 - INFO - Inserted purchase: ('Amy Ayala', 'Headphones', 1197.19, datetime.datetime(2026, 2, 23, 9, 8, 30, 784833))
2026-02-23 09:08:34,806 - INFO - Inserted purchase: ('Cindy Jenkins', 'Phone', 843.68, datetime.datetime(2026, 2, 23, 9, 8, 34, 252680))
2026-02-23 09:08:38,388 - INFO - Inserted purchase: ('Dylan Ferguson', 'Tablet', 804.67, datetime.datetime(2026, 2, 23, 9, 8, 37, 809906))
2026-02-23 09:08:42,020 - INFO - Inserted purchase: ('Mary Rodgers', 'Headphones', 163.84, datetime.datetime(2026, 2, 23, 9, 8, 41, 390090))
2026-02-23 09:08:45,518 - INFO - Inserted purchase: ('James Jones', 'Laptop', 1605.88, datetime.datetime(2026, 2, 23, 9, 8, 45, 21936))
2026-02-23 09:08:49,082 - INFO - Inserted purchase: ('Larry Fisher', 'Headphones', 1259.12, datetime.datetime(2026, 2, 23, 9, 8, 48, 520379))
2026-02-23 09:08:52,630 - INFO - Inserted purchase: ('Daniel Thompson', 'Tablet', 1934.02, datetime.datetime(2026, 2, 23, 9, 8, 52, 83971))
2026-02-23 09:08:56,443 - INFO - Inserted purchase: ('Phillip Hall', 'Tablet', 1280.74, datetime.datetime(2026, 2, 23, 9, 8, 55, 631729))
2026-02-23 09:09:00,004 - INFO - Inserted purchase: ('Anthony Gutierrez', 'Phone', 1229.32, datetime.datetime(2026, 2, 23, 9, 8, 59, 444732))
2026-02-23 09:09:03,511 - INFO - Inserted purchase: ('Kerry Wilson', 'Headphones', 850.47, datetime.datetime(2026, 2, 23, 9, 9, 3, 5718))
2026-02-23 09:09:07,171 - INFO - Inserted purchase: ('Veronica Collins', 'Phone', 871.63, datetime.datetime(2026, 2, 23, 9, 9, 6, 512597))
2026-02-23 09:09:10,556 - INFO - Inserted purchase: ('Shawn Robinson', 'Laptop', 771.46, datetime.datetime(2026, 2, 23, 9, 9, 10, 172942))
2026-02-23 09:10:44,015 - INFO - Snowflake Connector for Python Version: 4.3.0, Python Version: 3.11.9, Platform: Windows-10-10.0.26200-SP0
2026-02-23 09:10:44,016 - INFO - Connecting to GLOBAL Snowflake domain
2026-02-23 09:10:44,701 - INFO - Found credentials in shared credentials file: ~/.aws/credentials
2026-02-23 09:10:48,771 - INFO - Inserted purchase: ('Kaitlyn Dean', 'Tablet', 1352.29, datetime.datetime(2026, 2, 23, 9, 10, 47, 681056))
2026-02-23 09:10:52,247 - INFO - Inserted purchase: ('April Lee', 'Headphones', 917.78, datetime.datetime(2026, 2, 23, 9, 10, 51, 773126))
2026-02-23 09:10:55,737 - INFO - Inserted purchase: ('Cheryl Davidson', 'Laptop', 1711.12, datetime.datetime(2026, 2, 23, 9, 10, 55, 248212))
2026-02-23 09:10:59,529 - INFO - Inserted purchase: ('Andrew Whitaker', 'Tablet', 1406.97, datetime.datetime(2026, 2, 23, 9, 10, 58, 738539))
2026-02-23 09:11:03,009 - INFO - Inserted purchase: ('Jonathan Garza', 'Phone', 1628.47, datetime.datetime(2026, 2, 23, 9, 11, 2, 531400))
2026-02-23 09:11:06,558 - INFO - Inserted purchase: ('Timothy Miller', 'Phone', 1662.38, datetime.datetime(2026, 2, 23, 9, 11, 6, 11137))
2026-02-23 09:11:10,006 - INFO - Inserted purchase: ('Rebecca Fry', 'Phone', 417.54, datetime.datetime(2026, 2, 23, 9, 11, 9, 559597))
2026-02-23 09:11:13,461 - INFO - Inserted purchase: ('Deanna Sims', 'Tablet', 866.18, datetime.datetime(2026, 2, 23, 9, 11, 13, 7521))
2026-02-23 09:11:17,081 - INFO - Inserted purchase: ('Anthony Reed', 'Phone', 506.07, datetime.datetime(2026, 2, 23, 9, 11, 16, 462021))
2026-02-23 09:11:20,565 - INFO - Inserted purchase: ('Paul Stewart', 'Headphones', 1675.63, datetime.datetime(2026, 2, 23, 9, 11, 20, 82925))
2026-02-23 09:11:24,200 - INFO - Inserted purchase: ('Terri Garcia', 'Phone', 1426.47, datetime.datetime(2026, 2, 23, 9, 11, 23, 566542))
2026-02-23 09:11:27,899 - INFO - Inserted purchase: ('Brian Delgado', 'Tablet', 659.86, datetime.datetime(2026, 2, 23, 9, 11, 27, 202558))
2026-02-23 09:11:31,308 - INFO - Inserted purchase: ('Steven Love', 'Laptop', 749.13, datetime.datetime(2026, 2, 23, 9, 11, 30, 900484))
2026-02-23 09:11:35,130 - INFO - Inserted purchase: ('David Burke', 'Headphones', 182.22, datetime.datetime(2026, 2, 23, 9, 11, 34, 311000))
2026-02-23 09:11:38,576 - INFO - Inserted purchase: ('Brandy Wagner', 'Phone', 126.82, datetime.datetime(2026, 2, 23, 9, 11, 38, 132445))
2026-02-23 09:11:42,035 - INFO - Inserted purchase: ('Mrs. Jacqueline Sanchez PhD', 'Tablet', 1699.99, datetime.datetime(2026, 2, 23, 9, 11, 41, 577843))
2026-02-23 09:11:45,452 - INFO - Inserted purchase: ('Grant Hopkins', 'Tablet', 1608.03, datetime.datetime(2026, 2, 23, 9, 11, 45, 36960))
2026-02-23 09:11:48,890 - INFO - Inserted purchase: ('Stacey Garza', 'Tablet', 1706.8, datetime.datetime(2026, 2, 23, 9, 11, 48, 453316))
2026-02-23 09:11:52,536 - INFO - Inserted purchase: ('Wendy Miller', 'Laptop', 1222.98, datetime.datetime(2026, 2, 23, 9, 11, 51, 892137))
2026-02-23 09:11:55,981 - INFO - Inserted purchase: ('Amber Solomon', 'Laptop', 1044.02, datetime.datetime(2026, 2, 23, 9, 11, 55, 537316))
2026-02-23 09:11:59,590 - INFO - Inserted purchase: ('Mercedes Jackson', 'Tablet', 1036.45, datetime.datetime(2026, 2, 23, 9, 11, 58, 983510))
2026-02-23 09:12:03,070 - INFO - Inserted purchase: ('Stephen Bernard', 'Tablet', 1009.91, datetime.datetime(2026, 2, 23, 9, 12, 2, 592174))
2026-02-23 09:12:06,802 - INFO - Inserted purchase: ('Alyssa Ford DDS', 'Phone', 1883.14, datetime.datetime(2026, 2, 23, 9, 12, 6, 72112))
2026-02-23 09:12:10,342 - INFO - Inserted purchase: ('Jessica Hale', 'Phone', 233.25, datetime.datetime(2026, 2, 23, 9, 12, 9, 803928))
2026-02-23 09:12:13,916 - INFO - Inserted purchase: ('James Lewis', 'Laptop', 666.86, datetime.datetime(2026, 2, 23, 9, 12, 13, 343783))
2026-02-23 09:12:17,667 - INFO - Inserted purchase: ('James Mason', 'Headphones', 1449.47, datetime.datetime(2026, 2, 23, 9, 12, 16, 917202))
2026-02-23 09:12:21,217 - INFO - Inserted purchase: ('David Wood', 'Tablet', 1920.68, datetime.datetime(2026, 2, 23, 9, 12, 20, 668785))
2026-02-23 09:12:24,988 - INFO - Inserted purchase: ('Daryl Flores', 'Tablet', 1881.58, datetime.datetime(2026, 2, 23, 9, 12, 24, 219379))
2026-02-23 09:12:28,454 - INFO - Inserted purchase: ('Lisa Thomas', 'Laptop', 1472.6, datetime.datetime(2026, 2, 23, 9, 12, 27, 989832))
2026-02-23 09:12:31,920 - INFO - Inserted purchase: ('Mark Decker', 'Tablet', 1095.97, datetime.datetime(2026, 2, 23, 9, 12, 31, 455732))
2026-02-23 09:12:36,059 - INFO - Inserted purchase: ('Michael Ferguson', 'Laptop', 537.19, datetime.datetime(2026, 2, 23, 9, 12, 34, 920825))
2026-02-23 09:12:39,522 - INFO - Inserted purchase: ('Jessica Perez', 'Tablet', 1920.16, datetime.datetime(2026, 2, 23, 9, 12, 39, 60163))
2026-02-23 09:12:43,138 - INFO - Inserted purchase: ('Nicole Young', 'Headphones', 836.02, datetime.datetime(2026, 2, 23, 9, 12, 42, 524365))
2026-02-23 09:12:46,630 - INFO - Inserted purchase: ('Shane Ramos', 'Phone', 745.83, datetime.datetime(2026, 2, 23, 9, 12, 46, 139357))
2026-02-23 09:12:50,001 - INFO - Inserted purchase: ('Jack Martinez', 'Tablet', 1961.39, datetime.datetime(2026, 2, 23, 9, 12, 49, 631094))
2026-02-23 09:12:53,435 - INFO - Inserted purchase: ('Donna Oconnell', 'Laptop', 1364.84, datetime.datetime(2026, 2, 23, 9, 12, 53, 3133))
2026-02-23 09:12:56,960 - INFO - Inserted purchase: ('Theresa Hernandez', 'Laptop', 1821.52, datetime.datetime(2026, 2, 23, 9, 12, 56, 436403))
2026-02-23 09:13:00,746 - INFO - Inserted purchase: ('Joshua Collier', 'Laptop', 1118.53, datetime.datetime(2026, 2, 23, 9, 12, 59, 973057))
2026-02-23 09:13:04,730 - INFO - Inserted purchase: ('Stephanie Berger', 'Headphones', 50.91, datetime.datetime(2026, 2, 23, 9, 13, 3, 747603))
2026-02-23 09:13:08,197 - INFO - Inserted purchase: ('Mr. Jonathan Ward PhD', 'Phone', 217.89, datetime.datetime(2026, 2, 23, 9, 13, 7, 742972))
2026-02-23 09:13:11,856 - INFO - Inserted purchase: ('Bryan Terry', 'Headphones', 1395.8, datetime.datetime(2026, 2, 23, 9, 13, 11, 199073))
2026-02-23 09:13:15,460 - INFO - Inserted purchase: ('Jacqueline Long', 'Laptop', 149.71, datetime.datetime(2026, 2, 23, 9, 13, 14, 858668))
2026-02-23 09:13:19,047 - INFO - Inserted purchase: ('Kimberly Williams', 'Headphones', 583.88, datetime.datetime(2026, 2, 23, 9, 13, 18, 461897))
2026-02-23 09:13:22,566 - INFO - Inserted purchase: ('Edward Kelly', 'Phone', 1098.46, datetime.datetime(2026, 2, 23, 9, 13, 22, 48884))
2026-02-23 09:13:26,147 - INFO - Inserted purchase: ('Melissa Riggs', 'Laptop', 1725.89, datetime.datetime(2026, 2, 23, 9, 13, 25, 567843))
2026-02-23 09:13:29,631 - INFO - Inserted purchase: ('Ronald Patrick', 'Headphones', 1038.34, datetime.datetime(2026, 2, 23, 9, 13, 29, 149190))
2026-02-23 09:13:33,228 - INFO - Inserted purchase: ('Robert Roberson', 'Phone', 289.8, datetime.datetime(2026, 2, 23, 9, 13, 32, 631844))
2026-02-23 09:13:36,664 - INFO - Inserted purchase: ('David Horn', 'Headphones', 1863.34, datetime.datetime(2026, 2, 23, 9, 13, 36, 230305))
2026-02-23 09:13:40,133 - INFO - Inserted purchase: ('Jennifer Harper', 'Laptop', 995.9, datetime.datetime(2026, 2, 23, 9, 13, 39, 665544))
2026-02-23 09:13:43,535 - INFO - Inserted purchase: ('Keith Hall', 'Headphones', 994.96, datetime.datetime(2026, 2, 23, 9, 13, 43, 134294))
2026-02-23 09:13:46,971 - INFO - Inserted purchase: ('Margaret Carter', 'Headphones', 1622.4, datetime.datetime(2026, 2, 23, 9, 13, 46, 536281))
2026-02-23 09:13:52,345 - INFO - Inserted purchase: ('Joshua Johnson', 'Laptop', 95.88, datetime.datetime(2026, 2, 23, 9, 13, 49, 973462))
2026-02-23 09:13:55,801 - INFO - Inserted purchase: ('Kimberly White', 'Laptop', 907.66, datetime.datetime(2026, 2, 23, 9, 13, 55, 347059))
2026-02-23 09:13:59,345 - INFO - Inserted purchase: ('Richard Anderson', 'Headphones', 1153.54, datetime.datetime(2026, 2, 23, 9, 13, 58, 803083))
2026-02-23 09:14:02,790 - INFO - Inserted purchase: ('John Briggs', 'Laptop', 682.87, datetime.datetime(2026, 2, 23, 9, 14, 2, 346684))
2026-02-23 09:14:06,245 - INFO - Inserted purchase: ('James Figueroa', 'Headphones', 343.57, datetime.datetime(2026, 2, 23, 9, 14, 5, 792266))
2026-02-23 09:14:09,692 - INFO - Inserted purchase: ('Jeffery Gonzalez', 'Headphones', 1930.49, datetime.datetime(2026, 2, 23, 9, 14, 9, 247488))
2026-02-23 09:14:13,412 - INFO - Inserted purchase: ('Nicole Johnson', 'Phone', 1103.51, datetime.datetime(2026, 2, 23, 9, 14, 12, 692972))
2026-02-23 09:14:16,850 - INFO - Inserted purchase: ('Michelle Garcia', 'Laptop', 1435.44, datetime.datetime(2026, 2, 23, 9, 14, 16, 413926))
2026-02-23 09:14:20,262 - INFO - Inserted purchase: ('Aaron Sanchez', 'Phone', 1603.14, datetime.datetime(2026, 2, 23, 9, 14, 19, 851496))
2026-02-23 09:14:23,884 - INFO - Inserted purchase: ('Carolyn Castro', 'Laptop', 849.5, datetime.datetime(2026, 2, 23, 9, 14, 23, 264005))
2026-02-23 09:14:27,429 - INFO - Inserted purchase: ('Kevin Valenzuela Jr.', 'Headphones', 108.81, datetime.datetime(2026, 2, 23, 9, 14, 26, 885249))
2026-02-23 09:14:30,891 - INFO - Inserted purchase: ('Stephanie Garrett', 'Headphones', 1412.69, datetime.datetime(2026, 2, 23, 9, 14, 30, 432326))
2026-02-23 09:14:34,513 - INFO - Inserted purchase: ('Ashley Thomas', 'Tablet', 338.56, datetime.datetime(2026, 2, 23, 9, 14, 33, 892013))
2026-02-23 09:14:38,027 - INFO - Inserted purchase: ('Norma Mckenzie', 'Laptop', 963.44, datetime.datetime(2026, 2, 23, 9, 14, 37, 514801))
2026-02-23 09:14:41,522 - INFO - Inserted purchase: ('Kayla Green MD', 'Tablet', 506.27, datetime.datetime(2026, 2, 23, 9, 14, 41, 29443))
2026-02-23 09:14:45,134 - INFO - Inserted purchase: ('Elaine Mcbride', 'Laptop', 954.05, datetime.datetime(2026, 2, 23, 9, 14, 44, 523703))
2026-02-23 09:14:48,633 - INFO - Inserted purchase: ('Denise Thornton', 'Headphones', 830.8, datetime.datetime(2026, 2, 23, 9, 14, 48, 135811))
2026-02-23 09:14:52,068 - INFO - Inserted purchase: ('Brian Smith', 'Tablet', 496.21, datetime.datetime(2026, 2, 23, 9, 14, 51, 635032))
2026-02-23 09:14:55,524 - INFO - Inserted purchase: ('Marcia Wilson', 'Headphones', 779.15, datetime.datetime(2026, 2, 23, 9, 14, 55, 69884))
2026-02-23 09:14:58,920 - INFO - Inserted purchase: ('Kimberly Smith', 'Headphones', 831.98, datetime.datetime(2026, 2, 23, 9, 14, 58, 525368))
2026-02-23 09:15:02,929 - INFO - Inserted purchase: ('Kelsey Hines', 'Headphones', 1192.95, datetime.datetime(2026, 2, 23, 9, 15, 1, 921638))
2026-02-23 09:15:07,200 - INFO - Inserted purchase: ('Stacey Lam', 'Phone', 1115.95, datetime.datetime(2026, 2, 23, 9, 15, 5, 930756))
2026-02-23 09:15:10,763 - INFO - Inserted purchase: ('Kayla Francis', 'Phone', 1011.75, datetime.datetime(2026, 2, 23, 9, 15, 10, 202163))
2026-02-23 09:15:14,411 - INFO - Inserted purchase: ('Katherine Brown', 'Tablet', 242.03, datetime.datetime(2026, 2, 23, 9, 15, 13, 764526))
2026-02-23 09:15:17,869 - INFO - Inserted purchase: ('Kevin Oconnor', 'Laptop', 1311.83, datetime.datetime(2026, 2, 23, 9, 15, 17, 412146))
2026-02-23 09:15:21,424 - INFO - Inserted purchase: ('Katrina Fisher', 'Laptop', 791.6, datetime.datetime(2026, 2, 23, 9, 15, 20, 871327))
2026-02-23 09:15:24,920 - INFO - Inserted purchase: ('Laura Martin', 'Laptop', 1046.82, datetime.datetime(2026, 2, 23, 9, 15, 24, 426618))
2026-02-23 09:15:28,431 - INFO - Inserted purchase: ('Vanessa Palmer', 'Tablet', 1957.13, datetime.datetime(2026, 2, 23, 9, 15, 27, 922210))
2026-02-23 09:15:31,927 - INFO - Inserted purchase: ('Dalton Gallagher', 'Laptop', 1545.74, datetime.datetime(2026, 2, 23, 9, 15, 31, 432432))
2026-02-23 09:15:35,459 - INFO - Inserted purchase: ('Michael Finley', 'Headphones', 240.21, datetime.datetime(2026, 2, 23, 9, 15, 34, 928807))
2026-02-23 09:15:39,350 - INFO - Inserted purchase: ('John Austin', 'Headphones', 564.09, datetime.datetime(2026, 2, 23, 9, 15, 38, 461487))
2026-02-23 09:15:43,028 - INFO - Inserted purchase: ('Joshua Stanton', 'Laptop', 63.01, datetime.datetime(2026, 2, 23, 9, 15, 42, 353512))
2026-02-23 09:15:46,634 - INFO - Inserted purchase: ('Benjamin Kelly', 'Phone', 980.3, datetime.datetime(2026, 2, 23, 9, 15, 46, 30175))
2026-02-23 09:15:50,176 - INFO - Inserted purchase: ('Lisa Jones', 'Laptop', 873.15, datetime.datetime(2026, 2, 23, 9, 15, 49, 635250))
2026-02-23 09:15:53,708 - INFO - Inserted purchase: ('Eric Moore II', 'Headphones', 1475.65, datetime.datetime(2026, 2, 23, 9, 15, 53, 179176))
2026-02-23 09:15:57,242 - INFO - Inserted purchase: ('Casey Smith', 'Phone', 756.59, datetime.datetime(2026, 2, 23, 9, 15, 56, 710296))
2026-02-23 09:16:00,656 - INFO - Inserted purchase: ('Brittney Lewis MD', 'Laptop', 1846.76, datetime.datetime(2026, 2, 23, 9, 16, 0, 244412))
2026-02-23 09:16:04,107 - INFO - Inserted purchase: ('Michael Castaneda', 'Tablet', 1567.24, datetime.datetime(2026, 2, 23, 9, 16, 3, 657788))
2026-02-23 09:16:07,606 - INFO - Inserted purchase: ('Kristie Rice', 'Headphones', 1699.45, datetime.datetime(2026, 2, 23, 9, 16, 7, 109561))
2026-02-23 09:16:11,013 - INFO - Inserted purchase: ('Philip Craig', 'Headphones', 176.79, datetime.datetime(2026, 2, 23, 9, 16, 10, 608270))
2026-02-23 09:16:14,573 - INFO - Inserted purchase: ('Julie Hester', 'Laptop', 1454.65, datetime.datetime(2026, 2, 23, 9, 16, 14, 14517))
2026-02-23 09:16:18,098 - INFO - Inserted purchase: ('Timothy Stevens', 'Phone', 1071.71, datetime.datetime(2026, 2, 23, 9, 16, 17, 574662))
2026-02-23 09:16:22,141 - INFO - Inserted purchase: ('Thomas Arroyo', 'Laptop', 327.21, datetime.datetime(2026, 2, 23, 9, 16, 21, 99632))
2026-02-23 09:16:25,737 - INFO - Inserted purchase: ('Susan Arroyo', 'Headphones', 807.37, datetime.datetime(2026, 2, 23, 9, 16, 25, 143482))
2026-02-23 09:16:29,191 - INFO - Inserted purchase: ('Christopher Howell DDS', 'Tablet', 1341.21, datetime.datetime(2026, 2, 23, 9, 16, 28, 739185))
2026-02-23 09:16:32,672 - INFO - Inserted purchase: ('Haley Shannon', 'Tablet', 1336.02, datetime.datetime(2026, 2, 23, 9, 16, 32, 193786))
2026-02-23 09:16:36,078 - INFO - Inserted purchase: ('Collin Harper', 'Laptop', 1334.23, datetime.datetime(2026, 2, 23, 9, 16, 35, 674393))
2026-02-23 09:16:40,223 - INFO - Inserted purchase: ('Katrina Wallace', 'Headphones', 574.57, datetime.datetime(2026, 2, 23, 9, 16, 39, 80187))
2026-02-23 09:16:43,742 - INFO - Inserted purchase: ('Michelle Levine', 'Laptop', 922.69, datetime.datetime(2026, 2, 23, 9, 16, 43, 224575))
2026-02-23 09:16:47,159 - INFO - Inserted purchase: ('Monica Wilson', 'Tablet', 1506.84, datetime.datetime(2026, 2, 23, 9, 16, 46, 744387))
2026-02-23 09:16:50,588 - INFO - Inserted purchase: ('Michael Jackson', 'Headphones', 1044.15, datetime.datetime(2026, 2, 23, 9, 16, 50, 162043))
2026-02-23 09:16:54,166 - INFO - Inserted purchase: ('Nicholas Jarvis', 'Tablet', 1124.07, datetime.datetime(2026, 2, 23, 9, 16, 53, 589728))
2026-02-23 09:16:58,590 - INFO - Inserted purchase: ('Taylor Maldonado', 'Laptop', 1490.59, datetime.datetime(2026, 2, 23, 9, 16, 57, 167430))
2026-02-23 09:17:02,183 - INFO - Inserted purchase: ('Cindy Pruitt', 'Tablet', 795.32, datetime.datetime(2026, 2, 23, 9, 17, 1, 591739))
2026-02-23 09:17:05,995 - INFO - Inserted purchase: ('Debbie Welch', 'Tablet', 307.82, datetime.datetime(2026, 2, 23, 9, 17, 5, 184699))
2026-02-23 09:17:09,395 - INFO - Inserted purchase: ('Nancy Garcia', 'Laptop', 221.97, datetime.datetime(2026, 2, 23, 9, 17, 8, 995742))
2026-02-23 09:17:13,359 - INFO - Inserted purchase: ('Amber Brown', 'Tablet', 1891.91, datetime.datetime(2026, 2, 23, 9, 17, 12, 396409))
2026-02-23 09:17:16,813 - INFO - Inserted purchase: ('Stanley Cisneros', 'Tablet', 1315.34, datetime.datetime(2026, 2, 23, 9, 17, 16, 362071))
2026-02-23 09:17:20,214 - INFO - Inserted purchase: ('Scott Erickson', 'Laptop', 228.43, datetime.datetime(2026, 2, 23, 9, 17, 19, 815334))
2026-02-23 09:17:23,583 - INFO - Inserted purchase: ('Robin Clarke', 'Tablet', 1710.47, datetime.datetime(2026, 2, 23, 9, 17, 23, 215380))
2026-02-23 09:17:27,332 - INFO - Inserted purchase: ('Courtney Scott', 'Phone', 755.6, datetime.datetime(2026, 2, 23, 9, 17, 26, 584505))
2026-02-23 09:17:30,731 - INFO - Inserted purchase: ('Ms. Lisa Taylor', 'Laptop', 1601.36, datetime.datetime(2026, 2, 23, 9, 17, 30, 333354))
2026-02-23 09:17:34,161 - INFO - Inserted purchase: ('Angela Allen', 'Tablet', 1891.29, datetime.datetime(2026, 2, 23, 9, 17, 33, 732715))
2026-02-23 09:17:37,623 - INFO - Inserted purchase: ('Harry Hall', 'Headphones', 1327.39, datetime.datetime(2026, 2, 23, 9, 17, 37, 162162))
2026-02-23 09:17:41,027 - INFO - Inserted purchase: ('Gregory Baxter', 'Tablet', 901.69, datetime.datetime(2026, 2, 23, 9, 17, 40, 624135))
2026-02-23 09:17:44,431 - INFO - Inserted purchase: ('Deanna Martinez', 'Laptop', 662.91, datetime.datetime(2026, 2, 23, 9, 17, 44, 28426))
2026-02-23 09:17:48,583 - INFO - Inserted purchase: ('Harold Garcia', 'Phone', 343.18, datetime.datetime(2026, 2, 23, 9, 17, 47, 432553))
2026-02-23 09:17:52,103 - INFO - Inserted purchase: ('Alyssa Brock', 'Laptop', 307.5, datetime.datetime(2026, 2, 23, 9, 17, 51, 585017))
2026-02-23 09:17:55,607 - INFO - Inserted purchase: ('Dennis Miller', 'Phone', 563.73, datetime.datetime(2026, 2, 23, 9, 17, 55, 104198))
2026-02-23 09:17:59,200 - INFO - Inserted purchase: ('Dana Campbell', 'Laptop', 1951.88, datetime.datetime(2026, 2, 23, 9, 17, 58, 609636))
2026-02-23 09:18:02,948 - INFO - Inserted purchase: ('Calvin Palmer', 'Headphones', 1188.79, datetime.datetime(2026, 2, 23, 9, 18, 2, 202846))
2026-02-23 09:18:06,485 - INFO - Inserted purchase: ('Lisa Hampton', 'Phone', 1987.12, datetime.datetime(2026, 2, 23, 9, 18, 5, 950102))
2026-02-23 09:18:09,895 - INFO - Inserted purchase: ('Chloe Cortez', 'Tablet', 1851.93, datetime.datetime(2026, 2, 23, 9, 18, 9, 486587))
2026-02-23 09:18:13,436 - INFO - Inserted purchase: ('Jennifer Fisher', 'Laptop', 1423.47, datetime.datetime(2026, 2, 23, 9, 18, 12, 896403))
2026-02-23 09:18:16,926 - INFO - Inserted purchase: ('Todd Edwards', 'Phone', 1572.13, datetime.datetime(2026, 2, 23, 9, 18, 16, 437265))
2026-02-23 09:18:20,352 - INFO - Inserted purchase: ('Victoria Romero', 'Tablet', 1660.65, datetime.datetime(2026, 2, 23, 9, 18, 19, 927408))
2026-02-23 09:18:23,812 - INFO - Inserted purchase: ('Frank Mccarthy', 'Phone', 220.85, datetime.datetime(2026, 2, 23, 9, 18, 23, 354632))
2026-02-23 09:18:27,559 - INFO - Inserted purchase: ('Clinton Cook', 'Phone', 1482.64, datetime.datetime(2026, 2, 23, 9, 18, 26, 813956))
2026-02-23 09:18:31,153 - INFO - Inserted purchase: ('Stephanie Foster', 'Phone', 1238.41, datetime.datetime(2026, 2, 23, 9, 18, 30, 560300))
2026-02-23 09:18:34,670 - INFO - Inserted purchase: ('David Washington', 'Headphones', 1274.83, datetime.datetime(2026, 2, 23, 9, 18, 34, 154607))
2026-02-23 09:18:38,265 - INFO - Inserted purchase: ('Kristin Wilson', 'Phone', 531.85, datetime.datetime(2026, 2, 23, 9, 18, 37, 671663))
2026-02-23 09:18:41,923 - INFO - Inserted purchase: ('David Evans', 'Phone', 1611.9, datetime.datetime(2026, 2, 23, 9, 18, 41, 266373))
2026-02-23 09:18:45,416 - INFO - Inserted purchase: ('Ruben Adkins', 'Headphones', 1724.22, datetime.datetime(2026, 2, 23, 9, 18, 44, 923969))
2026-02-23 09:18:48,836 - INFO - Inserted purchase: ('Amy Ross', 'Tablet', 447.96, datetime.datetime(2026, 2, 23, 9, 18, 48, 418520))
2026-02-23 10:59:14,294 - INFO - Snowflake Connector for Python Version: 4.3.0, Python Version: 3.11.9, Platform: Windows-10-10.0.26200-SP0
2026-02-23 10:59:14,295 - INFO - Connecting to GLOBAL Snowflake domain
2026-02-23 10:59:14,906 - INFO - Found credentials in shared credentials file: ~/.aws/credentials
2026-02-23 10:59:17,684 - INFO - Inserted purchase: ('Christopher Johnson', 'Tablet', 1956.0, datetime.datetime(2026, 2, 23, 10, 59, 17, 208290))
2026-02-23 10:59:21,175 - INFO - Inserted purchase: ('Dakota Sullivan', 'Headphones', 1399.74, datetime.datetime(2026, 2, 23, 10, 59, 20, 686305))
2026-02-23 10:59:24,645 - INFO - Inserted purchase: ('Michael Williams', 'Tablet', 767.43, datetime.datetime(2026, 2, 23, 10, 59, 24, 176561))
2026-02-23 10:59:28,108 - INFO - Inserted purchase: ('Laura Young', 'Phone', 1694.75, datetime.datetime(2026, 2, 23, 10, 59, 27, 646881))
2026-02-23 10:59:31,581 - INFO - Inserted purchase: ('Teresa Espinoza', 'Tablet', 745.11, datetime.datetime(2026, 2, 23, 10, 59, 31, 110184))
2026-02-23 10:59:35,051 - INFO - Inserted purchase: ('William Chavez', 'Headphones', 319.23, datetime.datetime(2026, 2, 23, 10, 59, 34, 582991))
2026-02-23 10:59:38,618 - INFO - Inserted purchase: ('Nathan Pope', 'Laptop', 1261.11, datetime.datetime(2026, 2, 23, 10, 59, 38, 53266))
2026-02-23 10:59:42,061 - INFO - Inserted purchase: ('Paula Webb', 'Headphones', 1693.22, datetime.datetime(2026, 2, 23, 10, 59, 41, 619524))
2026-02-23 10:59:45,538 - INFO - Inserted purchase: ('Debra Montoya', 'Headphones', 1824.68, datetime.datetime(2026, 2, 23, 10, 59, 45, 62391))
2026-02-23 10:59:48,938 - INFO - Inserted purchase: ('Carrie Cummings', 'Tablet', 1010.93, datetime.datetime(2026, 2, 23, 10, 59, 48, 540290))
2026-02-23 10:59:52,392 - INFO - Inserted purchase: ('Jennifer Lowe', 'Headphones', 1755.98, datetime.datetime(2026, 2, 23, 10, 59, 51, 939178))
2026-02-23 10:59:55,844 - INFO - Inserted purchase: ('Adam Bradley', 'Headphones', 1810.37, datetime.datetime(2026, 2, 23, 10, 59, 55, 393816))
2026-02-23 10:59:59,266 - INFO - Inserted purchase: ('Samantha Reyes', 'Headphones', 154.63, datetime.datetime(2026, 2, 23, 10, 59, 58, 845548))
2026-02-23 11:00:02,713 - INFO - Inserted purchase: ('Cindy Ross', 'Headphones', 208.51, datetime.datetime(2026, 2, 23, 11, 0, 2, 268380))
2026-02-23 11:00:06,148 - INFO - Inserted purchase: ('Marcus Thomas', 'Tablet', 1475.86, datetime.datetime(2026, 2, 23, 11, 0, 5, 714200))
2026-02-23 11:00:09,623 - INFO - Inserted purchase: ('Scott Wilson', 'Tablet', 1605.67, datetime.datetime(2026, 2, 23, 11, 0, 9, 150055))
2026-02-23 11:00:13,558 - INFO - Inserted purchase: ('Shaun Hopkins', 'Laptop', 408.17, datetime.datetime(2026, 2, 23, 11, 0, 12, 624871))
2026-02-23 11:00:16,967 - INFO - Inserted purchase: ('Jonathon Gutierrez', 'Tablet', 419.23, datetime.datetime(2026, 2, 23, 11, 0, 16, 559653))
2026-02-23 11:00:20,486 - INFO - Inserted purchase: ('Megan James', 'Phone', 1963.52, datetime.datetime(2026, 2, 23, 11, 0, 19, 968684))
2026-02-23 11:00:24,282 - INFO - Inserted purchase: ('Emily Wallace', 'Tablet', 1490.69, datetime.datetime(2026, 2, 23, 11, 0, 23, 487640))
2026-02-23 11:00:27,719 - INFO - Inserted purchase: ('Christopher Bentley', 'Phone', 630.95, datetime.datetime(2026, 2, 23, 11, 0, 27, 284461))
2026-02-23 11:00:31,194 - INFO - Inserted purchase: ('Thomas Miller', 'Phone', 668.34, datetime.datetime(2026, 2, 23, 11, 0, 30, 720500))
2026-02-23 11:00:34,641 - INFO - Inserted purchase: ('Amanda Riddle PhD', 'Tablet', 1913.26, datetime.datetime(2026, 2, 23, 11, 0, 34, 195518))
2026-02-23 11:00:38,009 - INFO - Inserted purchase: ('Gabriel Phillips', 'Laptop', 538.26, datetime.datetime(2026, 2, 23, 11, 0, 37, 643280))
2026-02-23 11:00:41,470 - INFO - Inserted purchase: ('Amy Murray', 'Phone', 108.9, datetime.datetime(2026, 2, 23, 11, 0, 41, 11259))
2026-02-23 11:00:44,888 - INFO - Inserted purchase: ('Nicholas King', 'Laptop', 1924.83, datetime.datetime(2026, 2, 23, 11, 0, 44, 471892))
2026-02-23 11:00:48,298 - INFO - Inserted purchase: ('Joshua Nolan', 'Laptop', 945.74, datetime.datetime(2026, 2, 23, 11, 0, 47, 890002))
2026-02-23 11:00:51,688 - INFO - Inserted purchase: ('Carolyn Wright', 'Phone', 1493.89, datetime.datetime(2026, 2, 23, 11, 0, 51, 299624))
2026-02-23 11:00:55,080 - INFO - Inserted purchase: ('Paul Fields', 'Headphones', 1108.82, datetime.datetime(2026, 2, 23, 11, 0, 54, 689773))
2026-02-23 11:00:58,467 - INFO - Inserted purchase: ('Mckenzie Williamson', 'Laptop', 1484.9, datetime.datetime(2026, 2, 23, 11, 0, 58, 81372))
2026-02-23 11:01:01,885 - INFO - Inserted purchase: ('Troy Little', 'Headphones', 1011.53, datetime.datetime(2026, 2, 23, 11, 1, 1, 468370))
2026-02-23 11:01:05,358 - INFO - Inserted purchase: ('Jacqueline Morales', 'Laptop', 913.7, datetime.datetime(2026, 2, 23, 11, 1, 4, 886801))
2026-02-23 11:01:08,820 - INFO - Inserted purchase: ('Lynn Potter', 'Phone', 1569.54, datetime.datetime(2026, 2, 23, 11, 1, 8, 359805))
2026-02-23 11:01:12,188 - INFO - Inserted purchase: ('Ian Parker', 'Laptop', 615.78, datetime.datetime(2026, 2, 23, 11, 1, 11, 821924))
2026-02-23 11:01:15,589 - INFO - Inserted purchase: ('Marissa Williams', 'Phone', 1530.32, datetime.datetime(2026, 2, 23, 11, 1, 15, 189385))
2026-02-23 11:01:19,680 - INFO - Inserted purchase: ('Michael Nichols', 'Tablet', 1154.6, datetime.datetime(2026, 2, 23, 11, 1, 18, 590877))
2026-02-23 11:01:23,074 - INFO - Inserted purchase: ('Christina Hunt MD', 'Phone', 1488.23, datetime.datetime(2026, 2, 23, 11, 1, 22, 682259))
2026-02-23 11:01:26,557 - INFO - Inserted purchase: ('Becky Hoffman', 'Laptop', 1288.94, datetime.datetime(2026, 2, 23, 11, 1, 26, 76128))
2026-02-23 11:01:30,005 - INFO - Inserted purchase: ('Erica Powell', 'Laptop', 723.79, datetime.datetime(2026, 2, 23, 11, 1, 29, 559281))
2026-02-23 11:01:33,382 - INFO - Inserted purchase: ('Jeffrey Proctor', 'Tablet', 946.74, datetime.datetime(2026, 2, 23, 11, 1, 33, 7203))
2026-02-23 11:01:36,773 - INFO - Inserted purchase: ('Melinda Hill', 'Phone', 1163.94, datetime.datetime(2026, 2, 23, 11, 1, 36, 383665))
2026-02-23 11:01:40,203 - INFO - Inserted purchase: ('Jeffrey Patel', 'Headphones', 1254.0, datetime.datetime(2026, 2, 23, 11, 1, 39, 774457))
2026-02-23 11:01:43,692 - INFO - Inserted purchase: ('Denise Barnes', 'Headphones', 1778.46, datetime.datetime(2026, 2, 23, 11, 1, 43, 204695))
2026-02-23 11:01:47,145 - INFO - Inserted purchase: ('Kathleen Miles', 'Laptop', 1141.63, datetime.datetime(2026, 2, 23, 11, 1, 46, 693033))
2026-02-23 11:01:50,513 - INFO - Inserted purchase: ('Miranda Sellers', 'Laptop', 1407.49, datetime.datetime(2026, 2, 23, 11, 1, 50, 147247))
2026-02-23 11:01:53,907 - INFO - Inserted purchase: ('Amanda Brown', 'Phone', 1637.56, datetime.datetime(2026, 2, 23, 11, 1, 53, 514136))
2026-02-23 11:01:57,349 - INFO - Inserted purchase: ('John Lucero', 'Tablet', 829.67, datetime.datetime(2026, 2, 23, 11, 1, 56, 909068))
2026-02-23 11:02:00,848 - INFO - Inserted purchase: ('Sharon Gray', 'Laptop', 589.83, datetime.datetime(2026, 2, 23, 11, 2, 0, 350470))
2026-02-23 11:02:04,298 - INFO - Inserted purchase: ('Jose Woods', 'Laptop', 1659.72, datetime.datetime(2026, 2, 23, 11, 2, 3, 850265))
2026-02-23 11:02:07,720 - INFO - Inserted purchase: ('Sarah Jefferson', 'Laptop', 1267.47, datetime.datetime(2026, 2, 23, 11, 2, 7, 300342))
2026-02-23 11:02:11,123 - INFO - Inserted purchase: ('Jessica Williams', 'Headphones', 178.64, datetime.datetime(2026, 2, 23, 11, 2, 10, 721601))
2026-02-23 11:02:14,940 - INFO - Inserted purchase: ('Scott French', 'Headphones', 874.3, datetime.datetime(2026, 2, 23, 11, 2, 14, 124701))
2026-02-23 11:02:18,324 - INFO - Inserted purchase: ('Patrick Cooper', 'Laptop', 198.04, datetime.datetime(2026, 2, 23, 11, 2, 17, 941266))
2026-02-23 11:02:22,100 - INFO - Inserted purchase: ('Janet Lyons', 'Headphones', 916.64, datetime.datetime(2026, 2, 23, 11, 2, 21, 325735))
2026-02-23 11:02:25,549 - INFO - Inserted purchase: ('Michele Hampton', 'Headphones', 397.33, datetime.datetime(2026, 2, 23, 11, 2, 25, 101402))
2026-02-23 11:02:29,036 - INFO - Inserted purchase: ('Daniel Hall', 'Headphones', 213.6, datetime.datetime(2026, 2, 23, 11, 2, 28, 551240))
2026-02-23 11:02:32,443 - INFO - Inserted purchase: ('Jeremy Newton', 'Laptop', 1989.11, datetime.datetime(2026, 2, 23, 11, 2, 32, 36755))
2026-02-23 11:02:35,890 - INFO - Inserted purchase: ('Theresa Patel', 'Headphones', 438.01, datetime.datetime(2026, 2, 23, 11, 2, 35, 444741))
2026-02-23 11:02:39,302 - INFO - Inserted purchase: ('Lisa Phillips', 'Laptop', 1204.07, datetime.datetime(2026, 2, 23, 11, 2, 38, 892017))
2026-02-23 11:02:42,708 - INFO - Inserted purchase: ('Diana Diaz', 'Tablet', 1059.87, datetime.datetime(2026, 2, 23, 11, 2, 42, 304061))
2026-02-23 11:02:46,069 - INFO - Inserted purchase: ('William Lopez', 'Tablet', 196.59, datetime.datetime(2026, 2, 23, 11, 2, 45, 709390))
2026-02-23 11:02:49,446 - INFO - Inserted purchase: ('Danielle Hamilton', 'Headphones', 1557.9, datetime.datetime(2026, 2, 23, 11, 2, 49, 71267))
2026-02-23 11:02:52,834 - INFO - Inserted purchase: ('William Smith', 'Tablet', 109.59, datetime.datetime(2026, 2, 23, 11, 2, 52, 447633))
2026-02-23 11:02:56,241 - INFO - Inserted purchase: ('Kara Vaughan', 'Headphones', 1998.53, datetime.datetime(2026, 2, 23, 11, 2, 55, 835085))
2026-02-23 11:02:59,769 - INFO - Inserted purchase: ('Pamela Guzman', 'Laptop', 913.91, datetime.datetime(2026, 2, 23, 11, 2, 59, 242077))
2026-02-23 11:03:03,129 - INFO - Inserted purchase: ('Alejandro Jackson', 'Laptop', 813.18, datetime.datetime(2026, 2, 23, 11, 3, 2, 770447))
2026-02-23 11:03:06,564 - INFO - Inserted purchase: ('Christopher Chase', 'Phone', 788.57, datetime.datetime(2026, 2, 23, 11, 3, 6, 131534))
2026-02-23 11:03:10,002 - INFO - Inserted purchase: ('Javier Brown', 'Phone', 1807.44, datetime.datetime(2026, 2, 23, 11, 3, 9, 565240))
2026-02-23 11:03:13,423 - INFO - Inserted purchase: ('Sandra Anderson', 'Tablet', 437.78, datetime.datetime(2026, 2, 23, 11, 3, 13, 3712))
2026-02-23 11:03:17,187 - INFO - Inserted purchase: ('Eugene Moran', 'Tablet', 1287.31, datetime.datetime(2026, 2, 23, 11, 3, 16, 425462))
2026-02-23 11:03:20,715 - INFO - Inserted purchase: ('Jessica Black', 'Tablet', 1066.21, datetime.datetime(2026, 2, 23, 11, 3, 20, 188466))
2026-02-23 11:03:24,223 - INFO - Inserted purchase: ('Abigail Cross', 'Tablet', 169.55, datetime.datetime(2026, 2, 23, 11, 3, 23, 717202))
2026-02-23 11:03:27,684 - INFO - Inserted purchase: ('Casey Castillo', 'Phone', 750.21, datetime.datetime(2026, 2, 23, 11, 3, 27, 224162))
2026-02-23 11:03:31,185 - INFO - Inserted purchase: ('James Chen', 'Phone', 618.89, datetime.datetime(2026, 2, 23, 11, 3, 30, 685128))
2026-02-23 11:03:34,587 - INFO - Inserted purchase: ('Meagan James', 'Phone', 157.64, datetime.datetime(2026, 2, 23, 11, 3, 34, 186297))
2026-02-23 11:03:37,920 - INFO - Inserted purchase: ('Brittany Burns', 'Phone', 945.26, datetime.datetime(2026, 2, 23, 11, 3, 37, 589390))
2026-02-23 11:03:41,329 - INFO - Inserted purchase: ('Regina Taylor', 'Headphones', 1351.66, datetime.datetime(2026, 2, 23, 11, 3, 40, 921582))
2026-02-23 11:03:44,784 - INFO - Inserted purchase: ('Amy Nguyen', 'Phone', 1295.17, datetime.datetime(2026, 2, 23, 11, 3, 44, 330986))
2026-02-23 11:03:48,133 - INFO - Inserted purchase: ('Adam Mcbride', 'Tablet', 802.77, datetime.datetime(2026, 2, 23, 11, 3, 47, 785253))
2026-02-23 11:03:51,499 - INFO - Inserted purchase: ('Jennifer Murphy', 'Phone', 947.12, datetime.datetime(2026, 2, 23, 11, 3, 51, 135364))
2026-02-23 11:03:54,901 - INFO - Inserted purchase: ('Lindsay Rose', 'Phone', 1850.29, datetime.datetime(2026, 2, 23, 11, 3, 54, 500809))
2026-02-23 11:03:58,395 - INFO - Inserted purchase: ('Kelly Hicks', 'Headphones', 599.1, datetime.datetime(2026, 2, 23, 11, 3, 57, 902285))
2026-02-23 11:04:01,826 - INFO - Inserted purchase: ('Sara Dean', 'Phone', 418.57, datetime.datetime(2026, 2, 23, 11, 4, 1, 397755))
2026-02-23 11:04:05,472 - INFO - Inserted purchase: ('Timothy Adams', 'Laptop', 1082.5, datetime.datetime(2026, 2, 23, 11, 4, 4, 826626))
2026-02-23 11:04:08,908 - INFO - Inserted purchase: ('Jessica Merritt', 'Phone', 129.11, datetime.datetime(2026, 2, 23, 11, 4, 8, 474111))
2026-02-23 11:04:12,288 - INFO - Inserted purchase: ('Victoria Smith', 'Headphones', 796.19, datetime.datetime(2026, 2, 23, 11, 4, 11, 910192))
2026-02-23 11:04:15,672 - INFO - Inserted purchase: ('Diana Weaver', 'Laptop', 1306.89, datetime.datetime(2026, 2, 23, 11, 4, 15, 290421))
2026-02-23 11:04:19,155 - INFO - Inserted purchase: ('Nicholas Harris', 'Laptop', 819.23, datetime.datetime(2026, 2, 23, 11, 4, 18, 673871))
2026-02-23 11:04:22,982 - INFO - Inserted purchase: ('Chelsea Trevino', 'Laptop', 773.43, datetime.datetime(2026, 2, 23, 11, 4, 22, 156797))
2026-02-23 11:04:26,388 - INFO - Inserted purchase: ('Diana Castro', 'Tablet', 894.55, datetime.datetime(2026, 2, 23, 11, 4, 25, 983796))
2026-02-23 11:04:29,834 - INFO - Inserted purchase: ('Melissa Brown', 'Phone', 548.25, datetime.datetime(2026, 2, 23, 11, 4, 29, 390449))
2026-02-23 11:04:33,203 - INFO - Inserted purchase: ('Andrew King', 'Headphones', 989.02, datetime.datetime(2026, 2, 23, 11, 4, 32, 835161))
2026-02-23 11:04:36,608 - INFO - Inserted purchase: ('Haley Barnes', 'Headphones', 389.77, datetime.datetime(2026, 2, 23, 11, 4, 36, 203918))
2026-02-23 11:04:40,308 - INFO - Inserted purchase: ('Kim Webb', 'Phone', 1473.95, datetime.datetime(2026, 2, 23, 11, 4, 39, 609582))
2026-02-23 11:04:43,766 - INFO - Inserted purchase: ('Cassie Pena', 'Phone', 750.57, datetime.datetime(2026, 2, 23, 11, 4, 43, 309910))
2026-02-23 11:04:47,193 - INFO - Inserted purchase: ('John Taylor', 'Laptop', 689.18, datetime.datetime(2026, 2, 23, 11, 4, 46, 768339))
2026-02-23 11:04:50,636 - INFO - Inserted purchase: ('Jamie Cochran', 'Phone', 1074.3, datetime.datetime(2026, 2, 23, 11, 4, 50, 194595))
2026-02-23 11:04:54,024 - INFO - Inserted purchase: ('George Barnett', 'Phone', 1937.69, datetime.datetime(2026, 2, 23, 11, 4, 53, 637720))
2026-02-23 11:04:57,545 - INFO - Inserted purchase: ('Jonathon Wright', 'Headphones', 955.2, datetime.datetime(2026, 2, 23, 11, 4, 57, 26489))
2026-02-23 11:05:01,042 - INFO - Inserted purchase: ('Bradley Wilson', 'Tablet', 1457.68, datetime.datetime(2026, 2, 23, 11, 5, 0, 547487))
2026-02-23 11:05:04,535 - INFO - Inserted purchase: ('Ashley Massey', 'Phone', 1835.32, datetime.datetime(2026, 2, 23, 11, 5, 4, 42832))
2026-02-23 11:05:07,901 - INFO - Inserted purchase: ('Christopher Faulkner', 'Laptop', 466.88, datetime.datetime(2026, 2, 23, 11, 5, 7, 536573))
2026-02-23 11:05:11,267 - INFO - Inserted purchase: ('Andrea Meza', 'Headphones', 1938.5, datetime.datetime(2026, 2, 23, 11, 5, 10, 902107))
2026-02-23 11:05:15,237 - INFO - Inserted purchase: ('Sherry Daugherty', 'Laptop', 1440.12, datetime.datetime(2026, 2, 23, 11, 5, 14, 267683))
2026-02-23 11:05:18,663 - INFO - Inserted purchase: ('Joshua Thompson', 'Laptop', 245.13, datetime.datetime(2026, 2, 23, 11, 5, 18, 239473))
2026-02-23 11:05:22,076 - INFO - Inserted purchase: ('Vicki Dixon MD', 'Laptop', 1418.13, datetime.datetime(2026, 2, 23, 11, 5, 21, 665195))
2026-02-23 11:05:25,931 - INFO - Inserted purchase: ('Jason Freeman', 'Phone', 734.06, datetime.datetime(2026, 2, 23, 11, 5, 25, 78060))
2026-02-23 11:05:29,860 - INFO - Inserted purchase: ('Sherry Sweeney', 'Phone', 1292.23, datetime.datetime(2026, 2, 23, 11, 5, 28, 932306))
2026-02-23 11:05:33,294 - INFO - Inserted purchase: ('Charles Smith', 'Phone', 349.87, datetime.datetime(2026, 2, 23, 11, 5, 32, 861951))
2026-02-23 11:05:36,733 - INFO - Inserted purchase: ('Michael Clark', 'Laptop', 763.34, datetime.datetime(2026, 2, 23, 11, 5, 36, 294988))
2026-02-23 11:05:40,216 - INFO - Inserted purchase: ('Jason Matthews', 'Headphones', 1422.56, datetime.datetime(2026, 2, 23, 11, 5, 39, 734211))
2026-02-23 11:05:43,569 - INFO - Inserted purchase: ('Jacob Harvey', 'Tablet', 822.57, datetime.datetime(2026, 2, 23, 11, 5, 43, 217749))
2026-02-23 11:05:47,801 - INFO - Inserted purchase: ('Roy Ponce', 'Tablet', 1607.66, datetime.datetime(2026, 2, 23, 11, 5, 46, 571101))
2026-02-23 11:05:51,205 - INFO - Inserted purchase: ('Nicole Carr', 'Laptop', 1044.26, datetime.datetime(2026, 2, 23, 11, 5, 50, 802033))
2026-02-23 11:05:54,727 - INFO - Inserted purchase: ('Keith Hunt', 'Phone', 72.92, datetime.datetime(2026, 2, 23, 11, 5, 54, 206500))
2026-02-23 11:05:58,103 - INFO - Inserted purchase: ('Jessica Gibson', 'Laptop', 1037.06, datetime.datetime(2026, 2, 23, 11, 5, 57, 729478))
2026-02-23 11:06:01,649 - INFO - Inserted purchase: ('Autumn Blackwell', 'Phone', 581.82, datetime.datetime(2026, 2, 23, 11, 6, 1, 104566))
2026-02-23 11:06:05,284 - INFO - Inserted purchase: ('Michelle Brady', 'Headphones', 335.89, datetime.datetime(2026, 2, 23, 11, 6, 4, 651006))
2026-02-23 11:06:08,663 - INFO - Inserted purchase: ('Laura Jones', 'Tablet', 1395.41, datetime.datetime(2026, 2, 23, 11, 6, 8, 286129))
2026-02-23 11:06:12,047 - INFO - Inserted purchase: ('Megan Schroeder', 'Phone', 428.1, datetime.datetime(2026, 2, 23, 11, 6, 11, 664554))
2026-02-23 11:06:15,525 - INFO - Inserted purchase: ('William Bolton', 'Phone', 932.51, datetime.datetime(2026, 2, 23, 11, 6, 15, 49238))
2026-02-23 11:06:19,552 - INFO - Inserted purchase: ('Monica Callahan', 'Laptop', 1869.79, datetime.datetime(2026, 2, 23, 11, 6, 18, 526424))
2026-02-23 11:06:23,056 - INFO - Inserted purchase: ('Tabitha Silva', 'Headphones', 542.01, datetime.datetime(2026, 2, 23, 11, 6, 22, 554309))
2026-02-23 11:06:26,592 - INFO - Inserted purchase: ('Brent Cole', 'Tablet', 1542.87, datetime.datetime(2026, 2, 23, 11, 6, 26, 57585))
2026-02-23 11:06:30,058 - INFO - Inserted purchase: ('Erica Reyes', 'Tablet', 400.05, datetime.datetime(2026, 2, 23, 11, 6, 29, 594063))
2026-02-23 11:06:33,453 - INFO - Inserted purchase: ('Mark Benitez', 'Phone', 1100.57, datetime.datetime(2026, 2, 23, 11, 6, 33, 59924))
2026-02-23 11:06:36,850 - INFO - Inserted purchase: ('Angela Rodriguez', 'Laptop', 65.37, datetime.datetime(2026, 2, 23, 11, 6, 36, 454784))
2026-02-23 11:06:40,650 - INFO - Inserted purchase: ('Matthew Bell', 'Headphones', 1797.63, datetime.datetime(2026, 2, 23, 11, 6, 39, 852015))
2026-02-23 11:06:44,035 - INFO - Inserted purchase: ('Kristine Stewart', 'Headphones', 77.02, datetime.datetime(2026, 2, 23, 11, 6, 43, 651058))
2026-02-23 11:06:47,427 - INFO - Inserted purchase: ('Shannon Ibarra', 'Tablet', 1175.34, datetime.datetime(2026, 2, 23, 11, 6, 47, 36841))
2026-02-23 11:06:50,856 - INFO - Inserted purchase: ('Dr. Joseph Silva', 'Phone', 853.09, datetime.datetime(2026, 2, 23, 11, 6, 50, 428399))
2026-02-23 11:06:54,320 - INFO - Inserted purchase: ('Casey Cook', 'Tablet', 745.22, datetime.datetime(2026, 2, 23, 11, 6, 53, 857336))
2026-02-23 11:06:57,683 - INFO - Inserted purchase: ('David Davis', 'Laptop', 1377.25, datetime.datetime(2026, 2, 23, 11, 6, 57, 321904))
2026-02-23 11:07:01,129 - INFO - Inserted purchase: ('Jennifer Ross', 'Tablet', 1585.05, datetime.datetime(2026, 2, 23, 11, 7, 0, 684850))
2026-02-23 11:07:04,553 - INFO - Inserted purchase: ('Joshua Hicks', 'Tablet', 1697.13, datetime.datetime(2026, 2, 23, 11, 7, 4, 131155))
2026-02-23 11:07:07,933 - INFO - Inserted purchase: ('Carlos Kramer', 'Headphones', 1143.15, datetime.datetime(2026, 2, 23, 11, 7, 7, 554345))
2026-02-23 11:07:11,343 - INFO - Inserted purchase: ('Douglas Patel', 'Headphones', 1032.02, datetime.datetime(2026, 2, 23, 11, 7, 10, 935204))
2026-02-23 11:07:14,814 - INFO - Inserted purchase: ('Sean Thompson', 'Tablet', 587.58, datetime.datetime(2026, 2, 23, 11, 7, 14, 344573))
2026-02-23 11:07:18,211 - INFO - Inserted purchase: ('Jesse Jimenez', 'Tablet', 824.24, datetime.datetime(2026, 2, 23, 11, 7, 17, 815486))
2026-02-23 11:07:21,682 - INFO - Inserted purchase: ('Thomas Raymond', 'Tablet', 1126.24, datetime.datetime(2026, 2, 23, 11, 7, 21, 212520))
2026-02-23 11:07:25,167 - INFO - Inserted purchase: ('Brian Thomas', 'Headphones', 1952.02, datetime.datetime(2026, 2, 23, 11, 7, 24, 684143))
2026-02-23 11:07:28,569 - INFO - Inserted purchase: ('Levi Costa', 'Laptop', 1728.13, datetime.datetime(2026, 2, 23, 11, 7, 28, 168666))
2026-02-23 11:07:32,061 - INFO - Inserted purchase: ('Dr. Jessica Harvey', 'Laptop', 535.26, datetime.datetime(2026, 2, 23, 11, 7, 31, 570714))
2026-02-23 11:07:35,506 - INFO - Inserted purchase: ('Travis Brown', 'Laptop', 1076.8, datetime.datetime(2026, 2, 23, 11, 7, 35, 61938))
2026-02-23 11:07:38,910 - INFO - Inserted purchase: ('Nicole Moon', 'Laptop', 1145.94, datetime.datetime(2026, 2, 23, 11, 7, 38, 508160))
2026-02-23 11:07:42,394 - INFO - Inserted purchase: ('Michelle Hurst', 'Tablet', 1726.18, datetime.datetime(2026, 2, 23, 11, 7, 41, 911783))
2026-02-23 11:07:45,796 - INFO - Inserted purchase: ('Karen Warren', 'Headphones', 1089.88, datetime.datetime(2026, 2, 23, 11, 7, 45, 395750))
2026-02-23 11:07:49,541 - INFO - Inserted purchase: ('Kayla Christensen', 'Phone', 1480.97, datetime.datetime(2026, 2, 23, 11, 7, 48, 797291))
2026-02-23 11:07:52,996 - INFO - Inserted purchase: ('Zachary Price', 'Headphones', 966.27, datetime.datetime(2026, 2, 23, 11, 7, 52, 542742))
2026-02-23 11:07:56,468 - INFO - Inserted purchase: ('Rebecca Wells', 'Headphones', 1725.46, datetime.datetime(2026, 2, 23, 11, 7, 55, 998050))
2026-02-23 11:07:59,916 - INFO - Inserted purchase: ('Karla Henderson', 'Laptop', 105.61, datetime.datetime(2026, 2, 23, 11, 7, 59, 468956))
2026-02-23 11:08:03,438 - INFO - Inserted purchase: ('Thomas Solomon', 'Tablet', 417.89, datetime.datetime(2026, 2, 23, 11, 8, 2, 917296))
2026-02-23 11:08:06,906 - INFO - Inserted purchase: ('Linda Vazquez', 'Laptop', 700.45, datetime.datetime(2026, 2, 23, 11, 8, 6, 439443))
2026-02-23 11:08:10,758 - INFO - Inserted purchase: ('John Turner', 'Tablet', 295.13, datetime.datetime(2026, 2, 23, 11, 8, 9, 907227))
2026-02-23 11:08:14,160 - INFO - Inserted purchase: ('Ricky Smith', 'Headphones', 987.56, datetime.datetime(2026, 2, 23, 11, 8, 13, 760570))
2026-02-23 11:08:17,555 - INFO - Inserted purchase: ('Cynthia Berg', 'Headphones', 441.87, datetime.datetime(2026, 2, 23, 11, 8, 17, 162639))
2026-02-23 11:08:21,167 - INFO - Inserted purchase: ('Daniel Lawson', 'Tablet', 1778.81, datetime.datetime(2026, 2, 23, 11, 8, 20, 556993))
2026-02-23 11:08:24,689 - INFO - Inserted purchase: ('Donna Thomas', 'Phone', 1997.77, datetime.datetime(2026, 2, 23, 11, 8, 24, 169098))
2026-02-23 11:08:28,057 - INFO - Inserted purchase: ('Hector Gomez', 'Laptop', 346.52, datetime.datetime(2026, 2, 23, 11, 8, 27, 690208))
2026-02-23 11:08:31,945 - INFO - Inserted purchase: ('Jessica Robinson', 'Tablet', 170.36, datetime.datetime(2026, 2, 23, 11, 8, 31, 57917))
2026-02-23 11:08:35,569 - INFO - Inserted purchase: ('Brandon Swanson', 'Headphones', 1543.03, datetime.datetime(2026, 2, 23, 11, 8, 34, 946421))
2026-02-23 11:08:39,018 - INFO - Inserted purchase: ('Erin Williams', 'Headphones', 1426.1, datetime.datetime(2026, 2, 23, 11, 8, 38, 569893))
2026-02-23 11:08:42,458 - INFO - Inserted purchase: ('Beth Diaz', 'Headphones', 718.06, datetime.datetime(2026, 2, 23, 11, 8, 42, 19311))
2026-02-23 11:08:45,944 - INFO - Inserted purchase: ('Jeffrey Martinez', 'Phone', 669.73, datetime.datetime(2026, 2, 23, 11, 8, 45, 459359))
2026-02-23 11:08:50,135 - INFO - Inserted purchase: ('Bradley Powers', 'Laptop', 189.11, datetime.datetime(2026, 2, 23, 11, 8, 48, 945719))
2026-02-23 11:08:53,836 - INFO - Inserted purchase: ('Anne Keith', 'Phone', 266.83, datetime.datetime(2026, 2, 23, 11, 8, 53, 137246))
2026-02-23 11:08:57,221 - INFO - Inserted purchase: ('Daniel Cook', 'Laptop', 1342.94, datetime.datetime(2026, 2, 23, 11, 8, 56, 838180))
2026-02-23 11:09:00,724 - INFO - Inserted purchase: ('Austin Kelley', 'Headphones', 1462.87, datetime.datetime(2026, 2, 23, 11, 9, 0, 222045))
2026-02-23 11:09:04,169 - INFO - Inserted purchase: ('Caitlin Johnson', 'Headphones', 568.86, datetime.datetime(2026, 2, 23, 11, 9, 3, 725525))
2026-02-23 11:09:08,040 - INFO - Inserted purchase: ('Ann Tran', 'Headphones', 103.07, datetime.datetime(2026, 2, 23, 11, 9, 7, 170064))
2026-02-23 11:09:11,479 - INFO - Inserted purchase: ('Nicole Hensley', 'Phone', 1129.46, datetime.datetime(2026, 2, 23, 11, 9, 11, 41967))
2026-02-23 11:09:14,979 - INFO - Inserted purchase: ('Sierra Weaver', 'Tablet', 264.1, datetime.datetime(2026, 2, 23, 11, 9, 14, 479868))
2026-02-23 11:09:18,450 - INFO - Inserted purchase: ('Amy Larsen', 'Tablet', 1782.27, datetime.datetime(2026, 2, 23, 11, 9, 17, 980056))
2026-02-23 11:09:21,947 - INFO - Inserted purchase: ('Jason Johnson', 'Headphones', 1853.27, datetime.datetime(2026, 2, 23, 11, 9, 21, 452377))
2026-02-23 11:09:25,401 - INFO - Inserted purchase: ('Rachel Green', 'Tablet', 1814.75, datetime.datetime(2026, 2, 23, 11, 9, 24, 949155))
2026-02-23 11:09:28,812 - INFO - Inserted purchase: ('Erica Graham', 'Phone', 908.82, datetime.datetime(2026, 2, 23, 11, 9, 28, 403644))
2026-02-23 11:09:32,214 - INFO - Inserted purchase: ('Destiny Foster', 'Laptop', 86.6, datetime.datetime(2026, 2, 23, 11, 9, 31, 813085))
2026-02-23 11:09:35,746 - INFO - Inserted purchase: ('Renee Moss', 'Headphones', 490.54, datetime.datetime(2026, 2, 23, 11, 9, 35, 215709))
2026-02-23 11:09:39,204 - INFO - Inserted purchase: ('Cheryl Moore', 'Phone', 82.36, datetime.datetime(2026, 2, 23, 11, 9, 38, 747621))
2026-02-23 11:09:42,672 - INFO - Inserted purchase: ('Michael Todd', 'Laptop', 1686.04, datetime.datetime(2026, 2, 23, 11, 9, 42, 205017))
2026-02-23 11:09:46,175 - INFO - Inserted purchase: ('Lisa Gonzales', 'Tablet', 1373.57, datetime.datetime(2026, 2, 23, 11, 9, 45, 674831))
2026-02-23 11:09:49,667 - INFO - Inserted purchase: ('Joshua Garcia', 'Phone', 885.9, datetime.datetime(2026, 2, 23, 11, 9, 49, 176908))
2026-02-23 11:09:53,290 - INFO - Inserted purchase: ('Courtney Johnson', 'Headphones', 1334.85, datetime.datetime(2026, 2, 23, 11, 9, 52, 668630))
2026-02-23 11:09:56,815 - INFO - Inserted purchase: ('Annette Cole', 'Phone', 1869.35, datetime.datetime(2026, 2, 23, 11, 9, 56, 292511))
2026-02-23 11:10:00,302 - INFO - Inserted purchase: ('Samantha Brandt', 'Tablet', 1051.58, datetime.datetime(2026, 2, 23, 11, 9, 59, 817899))
2026-02-23 11:10:03,988 - INFO - Inserted purchase: ('Jennifer Anderson', 'Laptop', 1131.77, datetime.datetime(2026, 2, 23, 11, 10, 3, 303979))
2026-02-23 11:10:07,607 - INFO - Inserted purchase: ('Jeffrey Holland', 'Laptop', 844.84, datetime.datetime(2026, 2, 23, 11, 10, 6, 990208))
2026-02-23 11:10:11,050 - INFO - Inserted purchase: ('Amanda Jones', 'Tablet', 1105.65, datetime.datetime(2026, 2, 23, 11, 10, 10, 608418))
2026-02-23 11:10:14,713 - INFO - Inserted purchase: ('Kyle Beck', 'Headphones', 144.77, datetime.datetime(2026, 2, 23, 11, 10, 14, 51942))
2026-02-23 11:10:18,227 - INFO - Inserted purchase: ('Tony Norris', 'Laptop', 693.91, datetime.datetime(2026, 2, 23, 11, 10, 17, 714901))
2026-02-23 11:10:21,707 - INFO - Inserted purchase: ('David Taylor', 'Laptop', 1637.95, datetime.datetime(2026, 2, 23, 11, 10, 21, 228664))
2026-02-23 11:10:25,243 - INFO - Inserted purchase: ('Stephanie Rivers', 'Phone', 1759.01, datetime.datetime(2026, 2, 23, 11, 10, 24, 708916))
2026-02-23 11:10:28,677 - INFO - Inserted purchase: ('Briana Mckenzie', 'Laptop', 1565.59, datetime.datetime(2026, 2, 23, 11, 10, 28, 244758))
2026-02-23 11:10:32,307 - INFO - Inserted purchase: ('Eric Fox', 'Tablet', 1614.77, datetime.datetime(2026, 2, 23, 11, 10, 31, 678425))
2026-02-23 11:10:35,900 - INFO - Inserted purchase: ('Andrew Martinez', 'Laptop', 1506.5, datetime.datetime(2026, 2, 23, 11, 10, 35, 309190))
2026-02-23 11:10:39,876 - INFO - Inserted purchase: ('Anthony Collins', 'Headphones', 786.17, datetime.datetime(2026, 2, 23, 11, 10, 38, 901333))
2026-02-23 11:10:43,262 - INFO - Inserted purchase: ('Kimberly Brown', 'Tablet', 1607.64, datetime.datetime(2026, 2, 23, 11, 10, 42, 878288))
2026-02-23 11:10:46,666 - INFO - Inserted purchase: ('Andrew Watson', 'Laptop', 1777.67, datetime.datetime(2026, 2, 23, 11, 10, 46, 263941))
2026-02-23 11:10:50,094 - INFO - Inserted purchase: ('Michelle Goodwin', 'Headphones', 719.92, datetime.datetime(2026, 2, 23, 11, 10, 49, 668179))
2026-02-23 11:10:53,708 - INFO - Inserted purchase: ('Brianna Welch', 'Laptop', 565.54, datetime.datetime(2026, 2, 23, 11, 10, 53, 95215))
2026-02-23 11:10:57,168 - INFO - Inserted purchase: ('Nancy Rivera', 'Laptop', 1735.6, datetime.datetime(2026, 2, 23, 11, 10, 56, 710618))
2026-02-23 11:11:00,588 - INFO - Inserted purchase: ('Brittany Caldwell', 'Laptop', 1601.33, datetime.datetime(2026, 2, 23, 11, 11, 0, 169932))
2026-02-23 11:11:04,034 - INFO - Inserted purchase: ('Dan Austin', 'Laptop', 1210.42, datetime.datetime(2026, 2, 23, 11, 11, 3, 589752))
2026-02-23 11:11:07,782 - INFO - Inserted purchase: ('Michael Anderson', 'Laptop', 1281.55, datetime.datetime(2026, 2, 23, 11, 11, 7, 35516))
2026-02-23 11:11:11,280 - INFO - Inserted purchase: ('Jennifer Nguyen', 'Laptop', 129.81, datetime.datetime(2026, 2, 23, 11, 11, 10, 783668))
2026-02-23 11:11:14,680 - INFO - Inserted purchase: ('Kathy Jones', 'Laptop', 256.35, datetime.datetime(2026, 2, 23, 11, 11, 14, 281970))
2026-02-23 11:11:18,039 - INFO - Inserted purchase: ('Jasmine Lee', 'Tablet', 1851.49, datetime.datetime(2026, 2, 23, 11, 11, 17, 681062))
2026-02-23 11:11:21,488 - INFO - Inserted purchase: ('Courtney Campbell', 'Headphones', 1618.97, datetime.datetime(2026, 2, 23, 11, 11, 21, 40414))
2026-02-23 11:11:24,945 - INFO - Inserted purchase: ('Louis Mccormick', 'Phone', 1567.65, datetime.datetime(2026, 2, 23, 11, 11, 24, 488832))
2026-02-23 11:11:28,366 - INFO - Inserted purchase: ('Derrick Cook', 'Phone', 194.74, datetime.datetime(2026, 2, 23, 11, 11, 27, 947168))
2026-02-23 11:11:31,842 - INFO - Inserted purchase: ('Jessica Hoffman', 'Phone', 1418.41, datetime.datetime(2026, 2, 23, 11, 11, 31, 367538))
2026-02-23 11:11:37,405 - INFO - Inserted purchase: ('Mark Salazar', 'Phone', 1018.6, datetime.datetime(2026, 2, 23, 11, 11, 34, 843183))
2026-02-23 11:11:41,025 - INFO - Inserted purchase: ('Sherri Olson', 'Laptop', 944.07, datetime.datetime(2026, 2, 23, 11, 11, 40, 406646))
2026-02-23 11:11:44,560 - INFO - Inserted purchase: ('Adam Lee', 'Laptop', 256.75, datetime.datetime(2026, 2, 23, 11, 11, 44, 26234))
2026-02-23 11:11:47,962 - INFO - Inserted purchase: ('Marcus Bird', 'Laptop', 260.69, datetime.datetime(2026, 2, 23, 11, 11, 47, 561599))
2026-02-23 11:11:52,111 - INFO - Inserted purchase: ('Sara Stone', 'Headphones', 1217.95, datetime.datetime(2026, 2, 23, 11, 11, 50, 962830))
2026-02-23 11:11:55,644 - INFO - Inserted purchase: ('Elizabeth Fowler', 'Phone', 156.96, datetime.datetime(2026, 2, 23, 11, 11, 55, 111928))
2026-02-23 11:11:59,105 - INFO - Inserted purchase: ('Miguel Carney', 'Phone', 658.47, datetime.datetime(2026, 2, 23, 11, 11, 58, 645033))
2026-02-23 11:12:02,594 - INFO - Inserted purchase: ('Leah Gonzalez', 'Tablet', 418.82, datetime.datetime(2026, 2, 23, 11, 12, 2, 106224))
2026-02-23 11:12:06,097 - INFO - Inserted purchase: ('Zachary Brown', 'Phone', 1098.63, datetime.datetime(2026, 2, 23, 11, 12, 5, 595357))
2026-02-23 11:12:09,583 - INFO - Inserted purchase: ('Anthony Decker', 'Phone', 991.2, datetime.datetime(2026, 2, 23, 11, 12, 9, 98512))
2026-02-23 11:12:12,995 - INFO - Inserted purchase: ('Luis Morgan', 'Headphones', 172.59, datetime.datetime(2026, 2, 23, 11, 12, 12, 584695))
2026-02-23 11:12:16,456 - INFO - Inserted purchase: ('Michael Brady', 'Phone', 1366.81, datetime.datetime(2026, 2, 23, 11, 12, 15, 996528))
2026-02-23 11:12:19,854 - INFO - Inserted purchase: ('Katherine Peterson', 'Laptop', 211.53, datetime.datetime(2026, 2, 23, 11, 12, 19, 458226))
2026-02-23 11:12:23,423 - INFO - Inserted purchase: ('Benjamin Adams', 'Phone', 601.9, datetime.datetime(2026, 2, 23, 11, 12, 22, 855464))
2026-02-23 11:12:26,898 - INFO - Inserted purchase: ('Jeffrey Stein', 'Laptop', 266.78, datetime.datetime(2026, 2, 23, 11, 12, 26, 425062))
2026-02-23 11:12:30,443 - INFO - Inserted purchase: ('Michael Hartman', 'Tablet', 374.2, datetime.datetime(2026, 2, 23, 11, 12, 29, 899113))
2026-02-23 11:12:34,149 - INFO - Inserted purchase: ('Jared Johnson', 'Headphones', 633.05, datetime.datetime(2026, 2, 23, 11, 12, 33, 445119))
2026-02-23 11:12:37,571 - INFO - Inserted purchase: ('Charles Bradford', 'Headphones', 249.01, datetime.datetime(2026, 2, 23, 11, 12, 37, 151111))
2026-02-23 11:12:40,977 - INFO - Inserted purchase: ('Christopher Ramirez MD', 'Tablet', 1965.38, datetime.datetime(2026, 2, 23, 11, 12, 40, 572618))
2026-02-23 11:12:44,421 - INFO - Inserted purchase: ('Robert Massey', 'Phone', 1264.06, datetime.datetime(2026, 2, 23, 11, 12, 43, 979009))
2026-02-23 11:12:47,990 - INFO - Inserted purchase: ('Kevin Thompson', 'Headphones', 1797.0, datetime.datetime(2026, 2, 23, 11, 12, 47, 423194))
2026-02-23 11:12:51,491 - INFO - Inserted purchase: ('Glenn Baker', 'Tablet', 814.9, datetime.datetime(2026, 2, 23, 11, 12, 50, 991899))
2026-02-23 11:12:54,989 - INFO - Inserted purchase: ('Richard Phillips', 'Phone', 609.84, datetime.datetime(2026, 2, 23, 11, 12, 54, 492994))
2026-02-23 11:12:58,809 - INFO - Inserted purchase: ('James Gonzalez', 'Headphones', 917.67, datetime.datetime(2026, 2, 23, 11, 12, 57, 990062))
2026-02-23 11:13:02,313 - INFO - Inserted purchase: ('Matthew Sharp', 'Tablet', 225.96, datetime.datetime(2026, 2, 23, 11, 13, 1, 811130))
2026-02-23 11:13:05,762 - INFO - Inserted purchase: ('Daniel Martinez', 'Tablet', 1114.98, datetime.datetime(2026, 2, 23, 11, 13, 5, 314758))
2026-02-23 11:13:09,210 - INFO - Inserted purchase: ('Jessica Morgan', 'Phone', 1901.89, datetime.datetime(2026, 2, 23, 11, 13, 8, 763763))
2026-02-23 11:13:12,686 - INFO - Inserted purchase: ('Ryan Ross', 'Phone', 986.9, datetime.datetime(2026, 2, 23, 11, 13, 12, 211500))
2026-02-23 11:13:16,048 - INFO - Inserted purchase: ('John Weber', 'Phone', 132.54, datetime.datetime(2026, 2, 23, 11, 13, 15, 686818))
2026-02-23 11:13:19,754 - INFO - Inserted purchase: ('Timothy Reed', 'Headphones', 927.35, datetime.datetime(2026, 2, 23, 11, 13, 19, 49207))
2026-02-23 11:13:23,363 - INFO - Inserted purchase: ('Michael Sanders', 'Laptop', 242.13, datetime.datetime(2026, 2, 23, 11, 13, 22, 755469))
2026-02-23 11:13:26,877 - INFO - Inserted purchase: ('Andrew Mcdonald', 'Headphones', 335.71, datetime.datetime(2026, 2, 23, 11, 13, 26, 364477))
2026-02-23 11:13:30,545 - INFO - Inserted purchase: ('Samantha Smith', 'Tablet', 125.51, datetime.datetime(2026, 2, 23, 11, 13, 29, 878914))
2026-02-23 11:13:34,269 - INFO - Inserted purchase: ('Ethan Dillon', 'Laptop', 1346.75, datetime.datetime(2026, 2, 23, 11, 13, 33, 546300))
2026-02-23 11:13:37,802 - INFO - Inserted purchase: ('Brandy Lucas', 'Laptop', 1890.8, datetime.datetime(2026, 2, 23, 11, 13, 37, 270182))
2026-02-23 11:13:41,241 - INFO - Inserted purchase: ('Roger Hunter MD', 'Tablet', 417.95, datetime.datetime(2026, 2, 23, 11, 13, 40, 803937))
2026-02-23 11:13:44,638 - INFO - Inserted purchase: ('George Robertson', 'Laptop', 429.6, datetime.datetime(2026, 2, 23, 11, 13, 44, 242795))
2026-02-23 11:13:48,165 - INFO - Inserted purchase: ('Frederick Fernandez', 'Laptop', 429.33, datetime.datetime(2026, 2, 23, 11, 13, 47, 639600))
2026-02-23 11:13:51,837 - INFO - Inserted purchase: ('James Black', 'Tablet', 1723.81, datetime.datetime(2026, 2, 23, 11, 13, 51, 165942))
2026-02-23 11:13:55,538 - INFO - Inserted purchase: ('Jennifer Kennedy', 'Laptop', 458.2, datetime.datetime(2026, 2, 23, 11, 13, 54, 838190))
2026-02-23 11:13:58,935 - INFO - Inserted purchase: ('Lisa Johnson', 'Laptop', 1526.71, datetime.datetime(2026, 2, 23, 11, 13, 58, 540265))
2026-02-23 11:14:02,569 - INFO - Inserted purchase: ('Shannon Gates', 'Headphones', 530.28, datetime.datetime(2026, 2, 23, 11, 14, 1, 937263))
2026-02-23 11:14:06,220 - INFO - Inserted purchase: ('Krista Fitzgerald', 'Tablet', 1258.89, datetime.datetime(2026, 2, 23, 11, 14, 5, 571231))
2026-02-23 11:14:09,636 - INFO - Inserted purchase: ('Kyle Owens', 'Tablet', 993.77, datetime.datetime(2026, 2, 23, 11, 14, 9, 221724))
2026-02-23 11:14:13,920 - INFO - Inserted purchase: ('Gabrielle Adkins', 'Phone', 526.79, datetime.datetime(2026, 2, 23, 11, 14, 12, 637614))
2026-02-23 11:14:17,343 - INFO - Inserted purchase: ('Maria Green', 'Headphones', 1406.94, datetime.datetime(2026, 2, 23, 11, 14, 16, 921727))
2026-02-23 11:14:20,832 - INFO - Inserted purchase: ('Seth Morales', 'Tablet', 1163.06, datetime.datetime(2026, 2, 23, 11, 14, 20, 344980))
2026-02-23 11:14:24,530 - INFO - Inserted purchase: ('Tonya Bass', 'Laptop', 79.39, datetime.datetime(2026, 2, 23, 11, 14, 23, 834778))
2026-02-23 11:14:28,164 - INFO - Inserted purchase: ('Stephanie Gonzalez', 'Phone', 1144.49, datetime.datetime(2026, 2, 23, 11, 14, 27, 531671))
2026-02-23 11:14:31,556 - INFO - Inserted purchase: ('Ryan Mitchell', 'Tablet', 340.87, datetime.datetime(2026, 2, 23, 11, 14, 31, 165606))
2026-02-23 11:14:35,028 - INFO - Inserted purchase: ('Natalie Alvarez', 'Laptop', 1192.03, datetime.datetime(2026, 2, 23, 11, 14, 34, 557730))
2026-02-23 11:14:38,540 - INFO - Inserted purchase: ('Dr. Mary Lopez', 'Headphones', 1662.52, datetime.datetime(2026, 2, 23, 11, 14, 38, 29961))
2026-02-23 11:14:42,769 - INFO - Inserted purchase: ('Mark Knight', 'Phone', 801.43, datetime.datetime(2026, 2, 23, 11, 14, 41, 541029))
2026-02-23 11:14:46,112 - INFO - Inserted purchase: ('Shelby Cowan', 'Laptop', 1992.3, datetime.datetime(2026, 2, 23, 11, 14, 45, 771001))
2026-02-23 11:14:49,509 - INFO - Inserted purchase: ('Marcia Reyes', 'Laptop', 1908.29, datetime.datetime(2026, 2, 23, 11, 14, 49, 113485))
2026-02-23 11:14:53,269 - INFO - Inserted purchase: ('Donald Lyons', 'Phone', 608.37, datetime.datetime(2026, 2, 23, 11, 14, 52, 509923))
2026-02-23 11:14:56,670 - INFO - Inserted purchase: ('Gregory Davis', 'Phone', 1670.47, datetime.datetime(2026, 2, 23, 11, 14, 56, 271464))
2026-02-23 11:15:00,138 - INFO - Inserted purchase: ('Jennifer Martinez', 'Phone', 579.02, datetime.datetime(2026, 2, 23, 11, 14, 59, 671562))
2026-02-23 11:15:03,637 - INFO - Inserted purchase: ('Lori Green', 'Tablet', 874.16, datetime.datetime(2026, 2, 23, 11, 15, 3, 139722))
2026-02-23 11:15:07,120 - INFO - Inserted purchase: ('Jason Roy', 'Phone', 85.88, datetime.datetime(2026, 2, 23, 11, 15, 6, 639438))
2026-02-23 11:15:10,771 - INFO - Inserted purchase: ('Laura Andrews', 'Headphones', 896.25, datetime.datetime(2026, 2, 23, 11, 15, 10, 121578))
2026-02-23 11:15:14,222 - INFO - Inserted purchase: ('Laura Cowan', 'Headphones', 396.0, datetime.datetime(2026, 2, 23, 11, 15, 13, 771786))
2026-02-23 11:15:17,729 - INFO - Inserted purchase: ('Morgan Thompson', 'Headphones', 1570.71, datetime.datetime(2026, 2, 23, 11, 15, 17, 224120))
2026-02-23 11:15:21,150 - INFO - Inserted purchase: ('Michael Owen', 'Headphones', 1548.54, datetime.datetime(2026, 2, 23, 11, 15, 20, 731763))
2026-02-23 11:15:24,604 - INFO - Inserted purchase: ('Sue Lee', 'Laptop', 777.41, datetime.datetime(2026, 2, 23, 11, 15, 24, 151457))
2026-02-23 11:15:28,083 - INFO - Inserted purchase: ('Debbie Lozano', 'Tablet', 168.64, datetime.datetime(2026, 2, 23, 11, 15, 27, 605916))
2026-02-23 11:15:31,573 - INFO - Inserted purchase: ('Michael Gonzalez', 'Phone', 345.47, datetime.datetime(2026, 2, 23, 11, 15, 31, 83948))
2026-02-23 11:15:35,264 - INFO - Inserted purchase: ('Katherine Sanders', 'Phone', 1162.86, datetime.datetime(2026, 2, 23, 11, 15, 34, 574507))
2026-02-23 11:15:38,824 - INFO - Inserted purchase: ('Jason Cuevas', 'Headphones', 1001.6, datetime.datetime(2026, 2, 23, 11, 15, 38, 265146))
2026-02-23 11:15:42,249 - INFO - Inserted purchase: ('Thomas Morales', 'Phone', 394.3, datetime.datetime(2026, 2, 23, 11, 15, 41, 825058))
2026-02-23 11:15:45,764 - INFO - Inserted purchase: ('Jeremiah Ho', 'Headphones', 430.7, datetime.datetime(2026, 2, 23, 11, 15, 45, 251246))
2026-02-23 11:15:49,244 - INFO - Inserted purchase: ('Brian Murphy', 'Headphones', 308.2, datetime.datetime(2026, 2, 23, 11, 15, 48, 765127))
2026-02-23 11:15:52,724 - INFO - Inserted purchase: ('Amy Kennedy', 'Laptop', 1390.09, datetime.datetime(2026, 2, 23, 11, 15, 52, 246253))
2026-02-23 11:15:56,198 - INFO - Inserted purchase: ('Katherine Duncan', 'Laptop', 511.61, datetime.datetime(2026, 2, 23, 11, 15, 55, 725951))
2026-02-23 11:15:59,645 - INFO - Inserted purchase: ('Kelly Smith', 'Tablet', 865.44, datetime.datetime(2026, 2, 23, 11, 15, 59, 198912))
2026-02-23 11:16:03,005 - INFO - Inserted purchase: ('Andrew Rivera', 'Headphones', 93.03, datetime.datetime(2026, 2, 23, 11, 16, 2, 645894))
2026-02-23 11:16:06,572 - INFO - Inserted purchase: ('Brian Fields', 'Tablet', 1254.11, datetime.datetime(2026, 2, 23, 11, 16, 6, 6947))
2026-02-23 11:16:09,992 - INFO - Inserted purchase: ('Jessica Smith', 'Headphones', 537.42, datetime.datetime(2026, 2, 23, 11, 16, 9, 574143))
2026-02-23 11:16:13,716 - INFO - Inserted purchase: ('Katrina Powell', 'Phone', 1227.27, datetime.datetime(2026, 2, 23, 11, 16, 12, 993454))
2026-02-23 11:16:17,129 - INFO - Inserted purchase: ('Seth Long', 'Headphones', 792.74, datetime.datetime(2026, 2, 23, 11, 16, 16, 717519))
2026-02-23 11:16:20,610 - INFO - Inserted purchase: ('Gina Bates', 'Headphones', 249.62, datetime.datetime(2026, 2, 23, 11, 16, 20, 130839))
2026-02-23 11:16:24,124 - INFO - Inserted purchase: ('James Pena', 'Headphones', 1613.3, datetime.datetime(2026, 2, 23, 11, 16, 23, 612057))
2026-02-23 11:16:27,718 - INFO - Inserted purchase: ('Christina Welch', 'Laptop', 1801.6, datetime.datetime(2026, 2, 23, 11, 16, 27, 124701))
2026-02-23 11:16:31,179 - INFO - Inserted purchase: ('Jerry Gomez', 'Tablet', 480.42, datetime.datetime(2026, 2, 23, 11, 16, 30, 718833))
2026-02-23 11:16:34,613 - INFO - Inserted purchase: ('Zachary Gutierrez', 'Phone', 1882.18, datetime.datetime(2026, 2, 23, 11, 16, 34, 180637))
2026-02-23 11:16:38,050 - INFO - Inserted purchase: ('Nicholas Jenkins', 'Phone', 1288.48, datetime.datetime(2026, 2, 23, 11, 16, 37, 613846))
2026-02-23 11:16:41,487 - INFO - Inserted purchase: ('Amber Yates', 'Phone', 301.03, datetime.datetime(2026, 2, 23, 11, 16, 41, 51451))
2026-02-23 11:16:45,070 - INFO - Inserted purchase: ('Ryan Castro', 'Laptop', 942.73, datetime.datetime(2026, 2, 23, 11, 16, 44, 488544))
2026-02-23 11:16:48,503 - INFO - Inserted purchase: ('Derek Davis', 'Laptop', 597.33, datetime.datetime(2026, 2, 23, 11, 16, 48, 71031))
2026-02-23 11:16:51,981 - INFO - Inserted purchase: ('Cory Gonzalez', 'Headphones', 253.5, datetime.datetime(2026, 2, 23, 11, 16, 51, 505313))
2026-02-23 11:16:55,443 - INFO - Inserted purchase: ('Charles Salinas', 'Laptop', 958.7, datetime.datetime(2026, 2, 23, 11, 16, 54, 982813))
2026-02-23 11:16:58,926 - INFO - Inserted purchase: ('Jennifer Kelly', 'Headphones', 807.44, datetime.datetime(2026, 2, 23, 11, 16, 58, 445465))
2026-02-23 11:17:02,370 - INFO - Inserted purchase: ('Candace Davis', 'Tablet', 910.13, datetime.datetime(2026, 2, 23, 11, 17, 1, 927139))
2026-02-23 11:17:05,811 - INFO - Inserted purchase: ('Mr. Michael Bautista', 'Phone', 1297.92, datetime.datetime(2026, 2, 23, 11, 17, 5, 371278))
2026-02-23 11:17:09,275 - INFO - Inserted purchase: ('Nancy Ashley', 'Phone', 1434.81, datetime.datetime(2026, 2, 23, 11, 17, 8, 812851))
2026-02-23 11:17:12,709 - INFO - Inserted purchase: ('Grace Page', 'Phone', 293.28, datetime.datetime(2026, 2, 23, 11, 17, 12, 275898))
2026-02-23 11:17:16,310 - INFO - Inserted purchase: ('Luke Chen', 'Tablet', 1089.16, datetime.datetime(2026, 2, 23, 11, 17, 15, 710909))
2026-02-23 11:17:19,905 - INFO - Inserted purchase: ('Joshua Bowen', 'Tablet', 1788.64, datetime.datetime(2026, 2, 23, 11, 17, 19, 311610))
2026-02-23 11:17:23,583 - INFO - Inserted purchase: ('Emily Bernard', 'Phone', 1415.87, datetime.datetime(2026, 2, 23, 11, 17, 22, 906632))
2026-02-23 11:17:27,143 - INFO - Inserted purchase: ('Brett Lee', 'Tablet', 1217.39, datetime.datetime(2026, 2, 23, 11, 17, 26, 584598))
2026-02-23 11:17:30,614 - INFO - Inserted purchase: ('Stacy Lynn', 'Phone', 1236.8, datetime.datetime(2026, 2, 23, 11, 17, 30, 145122))
2026-02-23 11:17:34,008 - INFO - Inserted purchase: ('Heidi Rhodes', 'Tablet', 515.98, datetime.datetime(2026, 2, 23, 11, 17, 33, 616258))
2026-02-23 11:17:37,473 - INFO - Inserted purchase: ('Edward Murphy', 'Phone', 1302.45, datetime.datetime(2026, 2, 23, 11, 17, 37, 8969))
2026-02-23 11:17:40,997 - INFO - Inserted purchase: ('Sophia Peterson', 'Laptop', 751.03, datetime.datetime(2026, 2, 23, 11, 17, 40, 474382))
2026-02-23 11:17:44,456 - INFO - Inserted purchase: ('Brittany Williams', 'Headphones', 859.04, datetime.datetime(2026, 2, 23, 11, 17, 43, 999096))
2026-02-23 11:17:48,624 - INFO - Inserted purchase: ('Christopher Young', 'Headphones', 1136.39, datetime.datetime(2026, 2, 23, 11, 17, 47, 457781))
2026-02-23 11:17:52,058 - INFO - Inserted purchase: ('Cristina Horton', 'Tablet', 577.5, datetime.datetime(2026, 2, 23, 11, 17, 51, 625305))
2026-02-23 11:17:55,475 - INFO - Inserted purchase: ('Austin Mckenzie', 'Phone', 1547.29, datetime.datetime(2026, 2, 23, 11, 17, 55, 59547))
2026-02-23 11:17:58,966 - INFO - Inserted purchase: ('Steven Robinson', 'Laptop', 670.92, datetime.datetime(2026, 2, 23, 11, 17, 58, 476036))
2026-02-23 11:18:02,462 - INFO - Inserted purchase: ('Emma Shaffer', 'Headphones', 169.0, datetime.datetime(2026, 2, 23, 11, 18, 1, 967175))
2026-02-23 11:18:06,008 - INFO - Inserted purchase: ('Nathaniel Phillips', 'Laptop', 1084.77, datetime.datetime(2026, 2, 23, 11, 18, 5, 463977))
2026-02-23 11:18:09,439 - INFO - Inserted purchase: ('Alexander Warren', 'Tablet', 1055.92, datetime.datetime(2026, 2, 23, 11, 18, 9, 10021))
2026-02-23 11:18:12,851 - INFO - Inserted purchase: ('Daniel Harrell IV', 'Headphones', 1606.48, datetime.datetime(2026, 2, 23, 11, 18, 12, 440274))
2026-02-23 11:18:16,208 - INFO - Inserted purchase: ('Elizabeth Snyder', 'Phone', 931.88, datetime.datetime(2026, 2, 23, 11, 18, 15, 852556))
2026-02-23 11:18:19,626 - INFO - Inserted purchase: ('Bradley Sanchez', 'Phone', 196.31, datetime.datetime(2026, 2, 23, 11, 18, 19, 210454))
2026-02-23 11:18:23,100 - INFO - Inserted purchase: ('Chelsea Walker', 'Headphones', 1397.67, datetime.datetime(2026, 2, 23, 11, 18, 22, 628225))
2026-02-23 11:18:26,931 - INFO - Inserted purchase: ('Jennifer Williams', 'Headphones', 1744.12, datetime.datetime(2026, 2, 23, 11, 18, 26, 101019))
2026-02-23 11:18:30,364 - INFO - Inserted purchase: ('Rachel Roberts', 'Phone', 1547.38, datetime.datetime(2026, 2, 23, 11, 18, 29, 932709))
2026-02-23 11:18:33,860 - INFO - Inserted purchase: ('Jasmine Wells', 'Tablet', 583.24, datetime.datetime(2026, 2, 23, 11, 18, 33, 365451))
2026-02-23 11:18:37,273 - INFO - Inserted purchase: ('Benjamin Wilkins', 'Tablet', 1025.92, datetime.datetime(2026, 2, 23, 11, 18, 36, 860962))
2026-02-23 11:18:40,649 - INFO - Inserted purchase: ('Tyler Lopez', 'Laptop', 1083.4, datetime.datetime(2026, 2, 23, 11, 18, 40, 275297))
2026-02-23 11:18:44,027 - INFO - Inserted purchase: ('Brittany Bates', 'Phone', 809.89, datetime.datetime(2026, 2, 23, 11, 18, 43, 650921))
2026-02-23 11:18:47,425 - INFO - Inserted purchase: ('Tricia Jones', 'Headphones', 444.01, datetime.datetime(2026, 2, 23, 11, 18, 47, 28416))
2026-02-23 11:18:50,835 - INFO - Inserted purchase: ('Julie Johnson', 'Laptop', 1861.27, datetime.datetime(2026, 2, 23, 11, 18, 50, 426652))
2026-02-23 11:18:54,321 - INFO - Inserted purchase: ('Jeremy Preston', 'Phone', 537.22, datetime.datetime(2026, 2, 23, 11, 18, 53, 836444))
2026-02-23 11:18:57,759 - INFO - Inserted purchase: ('Sheri Cooper', 'Laptop', 1273.32, datetime.datetime(2026, 2, 23, 11, 18, 57, 323299))
2026-02-23 11:19:01,209 - INFO - Inserted purchase: ('Duane Atkinson', 'Laptop', 215.57, datetime.datetime(2026, 2, 23, 11, 19, 0, 760347))
2026-02-23 11:19:04,659 - INFO - Inserted purchase: ('Adrian Jensen MD', 'Tablet', 1281.01, datetime.datetime(2026, 2, 23, 11, 19, 4, 210791))
2026-02-23 11:19:08,430 - INFO - Inserted purchase: ('Ryan David', 'Phone', 62.56, datetime.datetime(2026, 2, 23, 11, 19, 7, 660693))
2026-02-23 11:19:11,919 - INFO - Inserted purchase: ('Brittany Burke', 'Tablet', 867.33, datetime.datetime(2026, 2, 23, 11, 19, 11, 432162))
2026-02-23 11:19:15,372 - INFO - Inserted purchase: ('Christy Stewart', 'Tablet', 1327.24, datetime.datetime(2026, 2, 23, 11, 19, 14, 920845))
2026-02-23 11:19:18,818 - INFO - Inserted purchase: ('Bonnie Allen', 'Laptop', 1701.59, datetime.datetime(2026, 2, 23, 11, 19, 18, 373794))
2026-02-23 11:19:22,211 - INFO - Inserted purchase: ('Anthony Sloan', 'Laptop', 99.53, datetime.datetime(2026, 2, 23, 11, 19, 21, 820331))
2026-02-23 11:19:25,595 - INFO - Inserted purchase: ('Emma Jenkins', 'Laptop', 1407.64, datetime.datetime(2026, 2, 23, 11, 19, 25, 212599))
2026-02-23 11:19:29,308 - INFO - Inserted purchase: ('Albert Parker', 'Headphones', 491.62, datetime.datetime(2026, 2, 23, 11, 19, 28, 597481))
2026-02-23 11:19:32,767 - INFO - Inserted purchase: ('Joseph Murphy', 'Tablet', 1188.07, datetime.datetime(2026, 2, 23, 11, 19, 32, 310245))
2026-02-23 11:19:36,296 - INFO - Inserted purchase: ('Steven Burns', 'Laptop', 510.96, datetime.datetime(2026, 2, 23, 11, 19, 35, 768586))
2026-02-23 11:19:39,844 - INFO - Inserted purchase: ('Michelle Wilson', 'Headphones', 1973.02, datetime.datetime(2026, 2, 23, 11, 19, 39, 298051))
2026-02-23 11:19:43,312 - INFO - Inserted purchase: ('Daniel Cook', 'Phone', 1482.35, datetime.datetime(2026, 2, 23, 11, 19, 42, 845167))
2026-02-23 11:19:46,816 - INFO - Inserted purchase: ('Amanda Smith', 'Laptop', 996.97, datetime.datetime(2026, 2, 23, 11, 19, 46, 314159))
2026-02-23 11:19:50,286 - INFO - Inserted purchase: ('Steven Riley', 'Laptop', 1221.92, datetime.datetime(2026, 2, 23, 11, 19, 49, 817774))
2026-02-23 11:19:53,770 - INFO - Inserted purchase: ('Sarah Smith', 'Tablet', 1172.1, datetime.datetime(2026, 2, 23, 11, 19, 53, 286975))
2026-02-23 11:19:57,249 - INFO - Inserted purchase: ('Peter Brown', 'Tablet', 540.68, datetime.datetime(2026, 2, 23, 11, 19, 56, 771810))
2026-02-23 11:20:00,619 - INFO - Inserted purchase: ('Candace Davis', 'Tablet', 1701.41, datetime.datetime(2026, 2, 23, 11, 20, 0, 250968))
2026-02-23 11:20:04,086 - INFO - Inserted purchase: ('Melanie Castro', 'Laptop', 921.37, datetime.datetime(2026, 2, 23, 11, 20, 3, 620045))
2026-02-23 11:20:07,702 - INFO - Inserted purchase: ('Keith Green', 'Headphones', 733.51, datetime.datetime(2026, 2, 23, 11, 20, 7, 86940))
2026-02-23 11:20:11,185 - INFO - Inserted purchase: ('Michael Gonzales', 'Phone', 647.14, datetime.datetime(2026, 2, 23, 11, 20, 10, 704230))
2026-02-23 11:20:14,747 - INFO - Inserted purchase: ('Christopher Alexander', 'Phone', 1212.94, datetime.datetime(2026, 2, 23, 11, 20, 14, 185981))
2026-02-23 11:20:18,123 - INFO - Inserted purchase: ('Gene Davis', 'Phone', 1665.85, datetime.datetime(2026, 2, 23, 11, 20, 17, 748478))
2026-02-23 11:20:21,530 - INFO - Inserted purchase: ('Anthony Pineda', 'Phone', 1647.54, datetime.datetime(2026, 2, 23, 11, 20, 21, 124628))
2026-02-23 11:20:24,940 - INFO - Inserted purchase: ('Jeffrey Lopez', 'Tablet', 1380.31, datetime.datetime(2026, 2, 23, 11, 20, 24, 532807))
2026-02-23 11:20:28,480 - INFO - Inserted purchase: ('Kelly Drake', 'Tablet', 1308.18, datetime.datetime(2026, 2, 23, 11, 20, 27, 941495))
2026-02-23 11:20:31,952 - INFO - Inserted purchase: ('Lauren Stone', 'Headphones', 861.36, datetime.datetime(2026, 2, 23, 11, 20, 31, 482330))
2026-02-23 11:20:36,511 - INFO - Inserted purchase: ('Dawn Stanton', 'Phone', 199.49, datetime.datetime(2026, 2, 23, 11, 20, 34, 954643))
2026-02-23 11:20:39,957 - INFO - Inserted purchase: ('Zachary Lewis', 'Phone', 758.04, datetime.datetime(2026, 2, 23, 11, 20, 39, 511943))
2026-02-23 11:20:43,415 - INFO - Inserted purchase: ('James Brown', 'Tablet', 628.25, datetime.datetime(2026, 2, 23, 11, 20, 42, 959749))
2026-02-23 11:20:46,826 - INFO - Inserted purchase: ('Sean Allen', 'Laptop', 268.01, datetime.datetime(2026, 2, 23, 11, 20, 46, 416142))
2026-02-23 11:20:50,468 - INFO - Inserted purchase: ('Jaime Clark', 'Laptop', 1803.22, datetime.datetime(2026, 2, 23, 11, 20, 49, 827483))
2026-02-23 11:20:54,883 - INFO - Inserted purchase: ('Evelyn Cole', 'Laptop', 115.31, datetime.datetime(2026, 2, 23, 11, 20, 53, 469532))
2026-02-23 11:20:58,319 - INFO - Inserted purchase: ('Jennifer Nichols', 'Laptop', 285.65, datetime.datetime(2026, 2, 23, 11, 20, 57, 884176))
2026-02-23 11:21:01,730 - INFO - Inserted purchase: ('Mrs. Sherri Hall', 'Phone', 1365.39, datetime.datetime(2026, 2, 23, 11, 21, 1, 320897))
2026-02-23 11:21:05,254 - INFO - Inserted purchase: ('James Maxwell', 'Tablet', 864.86, datetime.datetime(2026, 2, 23, 11, 21, 4, 732333))
2026-02-23 11:21:08,765 - INFO - Inserted purchase: ('Sheila Chavez', 'Phone', 1909.79, datetime.datetime(2026, 2, 23, 11, 21, 8, 255552))
2026-02-23 11:21:12,318 - INFO - Inserted purchase: ('David Kennedy', 'Laptop', 1190.49, datetime.datetime(2026, 2, 23, 11, 21, 11, 766531))
2026-02-23 11:21:15,808 - INFO - Inserted purchase: ('Sandra Ramos', 'Headphones', 811.7, datetime.datetime(2026, 2, 23, 11, 21, 15, 320312))
2026-02-23 11:21:19,225 - INFO - Inserted purchase: ('Daryl Solis', 'Headphones', 896.12, datetime.datetime(2026, 2, 23, 11, 21, 18, 809912))
2026-02-23 11:21:22,915 - INFO - Inserted purchase: ('Dana Jordan', 'Tablet', 884.09, datetime.datetime(2026, 2, 23, 11, 21, 22, 227038))
2026-02-23 11:21:26,340 - INFO - Inserted purchase: ('Jacob Walters', 'Headphones', 1450.76, datetime.datetime(2026, 2, 23, 11, 21, 25, 916039))
2026-02-23 11:21:29,833 - INFO - Inserted purchase: ('Timothy Bush', 'Laptop', 241.03, datetime.datetime(2026, 2, 23, 11, 21, 29, 341221))
2026-02-23 11:21:33,254 - INFO - Inserted purchase: ('Amy Moore', 'Headphones', 115.66, datetime.datetime(2026, 2, 23, 11, 21, 32, 834369))
2026-02-23 11:21:36,726 - INFO - Inserted purchase: ('Angela Williams', 'Laptop', 1059.59, datetime.datetime(2026, 2, 23, 11, 21, 36, 255284))
2026-02-23 11:21:40,174 - INFO - Inserted purchase: ('Cassie Kirk', 'Phone', 707.36, datetime.datetime(2026, 2, 23, 11, 21, 39, 728237))
2026-02-23 11:21:43,660 - INFO - Inserted purchase: ('Bianca Nielsen', 'Laptop', 1189.35, datetime.datetime(2026, 2, 23, 11, 21, 43, 176985))
2026-02-23 11:21:47,036 - INFO - Inserted purchase: ('Christina Chambers', 'Tablet', 966.73, datetime.datetime(2026, 2, 23, 11, 21, 46, 662912))
2026-02-23 11:21:50,460 - INFO - Inserted purchase: ('Brian Cox', 'Tablet', 487.25, datetime.datetime(2026, 2, 23, 11, 21, 50, 37116))
2026-02-23 11:21:54,312 - INFO - Inserted purchase: ('David Holloway', 'Phone', 1102.8, datetime.datetime(2026, 2, 23, 11, 21, 53, 462164))
2026-02-23 11:21:57,807 - INFO - Inserted purchase: ('Veronica Bright', 'Headphones', 1928.58, datetime.datetime(2026, 2, 23, 11, 21, 57, 313838))
2026-02-23 11:22:01,277 - INFO - Inserted purchase: ('Keith Gilbert', 'Headphones', 1696.65, datetime.datetime(2026, 2, 23, 11, 22, 0, 808805))
2026-02-23 11:22:04,772 - INFO - Inserted purchase: ('Kristopher Bailey', 'Laptop', 254.89, datetime.datetime(2026, 2, 23, 11, 22, 4, 278693))
2026-02-23 11:22:08,369 - INFO - Inserted purchase: ('Christina Osborne', 'Tablet', 249.03, datetime.datetime(2026, 2, 23, 11, 22, 7, 774302))
2026-02-23 11:22:11,830 - INFO - Inserted purchase: ('Emily Nelson', 'Laptop', 1917.98, datetime.datetime(2026, 2, 23, 11, 22, 11, 370142))
2026-02-23 11:22:15,383 - INFO - Inserted purchase: ('Kathleen Kelley', 'Tablet', 320.57, datetime.datetime(2026, 2, 23, 11, 22, 14, 832261))
2026-02-23 11:22:18,929 - INFO - Inserted purchase: ('Aaron Craig', 'Tablet', 572.89, datetime.datetime(2026, 2, 23, 11, 22, 18, 384456))
2026-02-23 11:22:22,424 - INFO - Inserted purchase: ('David Rodriguez', 'Phone', 1058.58, datetime.datetime(2026, 2, 23, 11, 22, 21, 930655))
2026-02-23 11:22:25,923 - INFO - Inserted purchase: ('Heather Jones', 'Headphones', 443.55, datetime.datetime(2026, 2, 23, 11, 22, 25, 425261))
2026-02-23 11:22:29,400 - INFO - Inserted purchase: ('Kelsey Baker', 'Phone', 1181.92, datetime.datetime(2026, 2, 23, 11, 22, 28, 924479))
2026-02-23 11:22:32,938 - INFO - Inserted purchase: ('Martin Davis', 'Laptop', 296.96, datetime.datetime(2026, 2, 23, 11, 22, 32, 402115))
2026-02-23 11:22:36,395 - INFO - Inserted purchase: ('Jessica Wells', 'Headphones', 412.82, datetime.datetime(2026, 2, 23, 11, 22, 35, 940264))
2026-02-23 11:22:39,848 - INFO - Inserted purchase: ('Laura Edwards', 'Tablet', 625.39, datetime.datetime(2026, 2, 23, 11, 22, 39, 396404))
2026-02-23 11:22:43,379 - INFO - Inserted purchase: ('David Soto', 'Tablet', 568.18, datetime.datetime(2026, 2, 23, 11, 22, 42, 850123))
2026-02-23 11:22:46,920 - INFO - Inserted purchase: ('Scott Jones', 'Phone', 94.6, datetime.datetime(2026, 2, 23, 11, 22, 46, 381469))
2026-02-23 11:22:50,315 - INFO - Inserted purchase: ('Amber Woods', 'Phone', 1790.9, datetime.datetime(2026, 2, 23, 11, 22, 49, 921130))
2026-02-23 11:22:53,727 - INFO - Inserted purchase: ('Sean Lynch', 'Phone', 1199.23, datetime.datetime(2026, 2, 23, 11, 22, 53, 316845))
2026-02-23 11:22:57,251 - INFO - Inserted purchase: ('Stephanie Mitchell', 'Phone', 1715.95, datetime.datetime(2026, 2, 23, 11, 22, 56, 728686))
2026-02-23 11:23:00,738 - INFO - Inserted purchase: ('Dr. Ronald Chen DDS', 'Headphones', 798.23, datetime.datetime(2026, 2, 23, 11, 23, 0, 252626))
2026-02-23 11:23:04,159 - INFO - Inserted purchase: ('Mia Frazier', 'Tablet', 1662.65, datetime.datetime(2026, 2, 23, 11, 23, 3, 740171))
2026-02-23 11:23:07,689 - INFO - Inserted purchase: ('Darlene Hernandez', 'Headphones', 1481.77, datetime.datetime(2026, 2, 23, 11, 23, 7, 161572))
2026-02-23 11:23:11,191 - INFO - Inserted purchase: ('Patrick Davis', 'Phone', 1216.13, datetime.datetime(2026, 2, 23, 11, 23, 10, 691094))
2026-02-23 11:23:14,864 - INFO - Inserted purchase: ('Shannon Fowler', 'Headphones', 1620.75, datetime.datetime(2026, 2, 23, 11, 23, 14, 193009))
2026-02-23 11:23:18,501 - INFO - Inserted purchase: ('James Smith', 'Laptop', 118.45, datetime.datetime(2026, 2, 23, 11, 23, 17, 865829))
2026-02-23 11:23:21,929 - INFO - Inserted purchase: ('Brian Boyd', 'Laptop', 1677.32, datetime.datetime(2026, 2, 23, 11, 23, 21, 502209))
2026-02-23 11:23:25,353 - INFO - Inserted purchase: ('Seth Mcclain', 'Headphones', 337.44, datetime.datetime(2026, 2, 23, 11, 23, 24, 930245))
2026-02-23 11:23:28,729 - INFO - Inserted purchase: ('Kim Carter', 'Laptop', 1517.5, datetime.datetime(2026, 2, 23, 11, 23, 28, 355119))
2026-02-23 11:23:32,145 - INFO - Inserted purchase: ('Monica Fernandez', 'Phone', 1207.42, datetime.datetime(2026, 2, 23, 11, 23, 31, 730758))
2026-02-23 11:23:35,657 - INFO - Inserted purchase: ('Danielle Brown', 'Phone', 810.55, datetime.datetime(2026, 2, 23, 11, 23, 35, 146802))
2026-02-23 11:23:39,096 - INFO - Inserted purchase: ('Richard Thompson', 'Tablet', 1631.36, datetime.datetime(2026, 2, 23, 11, 23, 38, 658355))
2026-02-23 11:23:42,599 - INFO - Inserted purchase: ('Timothy Stuart', 'Phone', 227.54, datetime.datetime(2026, 2, 23, 11, 23, 42, 98888))
2026-02-23 11:23:46,068 - INFO - Inserted purchase: ('Vincent Moody', 'Headphones', 237.91, datetime.datetime(2026, 2, 23, 11, 23, 45, 600308))
2026-02-23 11:23:49,967 - INFO - Inserted purchase: ('Benjamin Wilkerson', 'Phone', 703.49, datetime.datetime(2026, 2, 23, 11, 23, 49, 69470))
2026-02-23 11:23:53,412 - INFO - Inserted purchase: ('Clarence Reyes', 'Phone', 983.32, datetime.datetime(2026, 2, 23, 11, 23, 52, 969525))
2026-02-23 11:23:56,877 - INFO - Inserted purchase: ('Marie Donovan', 'Tablet', 1921.56, datetime.datetime(2026, 2, 23, 11, 23, 56, 414140))
2026-02-23 11:24:01,094 - INFO - Inserted purchase: ('Daniel Warner', 'Laptop', 1811.07, datetime.datetime(2026, 2, 23, 11, 23, 59, 877919))
2026-02-23 11:24:04,528 - INFO - Inserted purchase: ('Daniel Morales', 'Tablet', 165.2, datetime.datetime(2026, 2, 23, 11, 24, 4, 95508))
2026-02-23 11:24:07,964 - INFO - Inserted purchase: ('Melissa Miranda', 'Headphones', 182.95, datetime.datetime(2026, 2, 23, 11, 24, 7, 529970))
2026-02-23 11:24:11,398 - INFO - Inserted purchase: ('Ryan Garcia', 'Laptop', 146.09, datetime.datetime(2026, 2, 23, 11, 24, 10, 965641))
2026-02-23 11:24:14,849 - INFO - Inserted purchase: ('Tammy Cox', 'Headphones', 152.84, datetime.datetime(2026, 2, 23, 11, 24, 14, 399789))
2026-02-23 11:24:18,205 - INFO - Inserted purchase: ('Rachel Bartlett', 'Phone', 1514.28, datetime.datetime(2026, 2, 23, 11, 24, 17, 850917))
2026-02-23 11:24:21,714 - INFO - Inserted purchase: ('Morgan Fowler', 'Laptop', 1088.95, datetime.datetime(2026, 2, 23, 11, 24, 21, 206670))
2026-02-23 11:24:25,151 - INFO - Inserted purchase: ('Tracy Melton', 'Phone', 114.15, datetime.datetime(2026, 2, 23, 11, 24, 24, 715594))
2026-02-23 11:24:28,868 - INFO - Inserted purchase: ('Richard Beck', 'Laptop', 1848.86, datetime.datetime(2026, 2, 23, 11, 24, 28, 152824))
2026-02-23 11:24:32,335 - INFO - Inserted purchase: ('Bryan Taylor', 'Tablet', 1795.63, datetime.datetime(2026, 2, 23, 11, 24, 31, 869534))
2026-02-23 11:24:35,740 - INFO - Inserted purchase: ('Scott Meyer', 'Phone', 1831.8, datetime.datetime(2026, 2, 23, 11, 24, 35, 336544))
2026-02-23 11:24:39,147 - INFO - Inserted purchase: ('Shannon Walters MD', 'Phone', 903.92, datetime.datetime(2026, 2, 23, 11, 24, 38, 742582))
2026-02-23 11:24:42,561 - INFO - Inserted purchase: ('Chad Villarreal', 'Laptop', 1915.58, datetime.datetime(2026, 2, 23, 11, 24, 42, 148948))
2026-02-23 11:24:46,088 - INFO - Inserted purchase: ('Ryan Mcintyre', 'Headphones', 383.14, datetime.datetime(2026, 2, 23, 11, 24, 45, 562001))
2026-02-23 11:24:50,094 - INFO - Inserted purchase: ('Wesley Simmons', 'Laptop', 1833.83, datetime.datetime(2026, 2, 23, 11, 24, 49, 90014))
2026-02-23 11:24:53,505 - INFO - Inserted purchase: ('Brian Dodson', 'Laptop', 993.42, datetime.datetime(2026, 2, 23, 11, 24, 53, 95806))
2026-02-23 11:24:56,978 - INFO - Inserted purchase: ('Dean Lewis', 'Tablet', 917.01, datetime.datetime(2026, 2, 23, 11, 24, 56, 506672))
2026-02-23 11:25:00,388 - INFO - Inserted purchase: ('Joseph Miller', 'Tablet', 60.43, datetime.datetime(2026, 2, 23, 11, 24, 59, 979250))
2026-02-23 11:25:03,875 - INFO - Inserted purchase: ('Patricia Brown', 'Headphones', 1980.86, datetime.datetime(2026, 2, 23, 11, 25, 3, 389242))
2026-02-23 11:25:07,404 - INFO - Inserted purchase: ('Helen Davis', 'Tablet', 902.92, datetime.datetime(2026, 2, 23, 11, 25, 6, 876586))
2026-02-23 11:25:10,904 - INFO - Inserted purchase: ('Julie Steele', 'Laptop', 1995.66, datetime.datetime(2026, 2, 23, 11, 25, 10, 405491))
2026-02-23 11:25:14,371 - INFO - Inserted purchase: ('Julie Wolfe', 'Tablet', 1859.0, datetime.datetime(2026, 2, 23, 11, 25, 13, 905426))
2026-02-23 11:25:17,792 - INFO - Inserted purchase: ('Calvin Ashley', 'Tablet', 1215.55, datetime.datetime(2026, 2, 23, 11, 25, 17, 372594))
2026-02-23 11:25:21,274 - INFO - Inserted purchase: ('Leslie Harris', 'Tablet', 692.94, datetime.datetime(2026, 2, 23, 11, 25, 20, 793939))
2026-02-23 11:25:24,730 - INFO - Inserted purchase: ('Travis Ryan', 'Phone', 1258.23, datetime.datetime(2026, 2, 23, 11, 25, 24, 274987))
2026-02-23 11:25:28,191 - INFO - Inserted purchase: ('Lawrence Diaz', 'Headphones', 1250.83, datetime.datetime(2026, 2, 23, 11, 25, 27, 732138))
2026-02-23 11:25:31,703 - INFO - Inserted purchase: ('Caitlin Collins', 'Tablet', 1212.87, datetime.datetime(2026, 2, 23, 11, 25, 31, 192298))
2026-02-23 11:25:35,110 - INFO - Inserted purchase: ('Daniel Flores', 'Laptop', 203.53, datetime.datetime(2026, 2, 23, 11, 25, 34, 704179))
2026-02-23 11:25:38,497 - INFO - Inserted purchase: ('James Stevens', 'Laptop', 503.9, datetime.datetime(2026, 2, 23, 11, 25, 38, 111901))
2026-02-23 11:25:41,911 - INFO - Inserted purchase: ('Brett Steele', 'Phone', 1613.36, datetime.datetime(2026, 2, 23, 11, 25, 41, 499118))
2026-02-23 11:25:45,564 - INFO - Inserted purchase: ('Monique Phillips', 'Tablet', 774.67, datetime.datetime(2026, 2, 23, 11, 25, 44, 912200))
2026-02-23 11:25:49,019 - INFO - Inserted purchase: ('Michelle Caldwell', 'Phone', 214.19, datetime.datetime(2026, 2, 23, 11, 25, 48, 564939))
2026-02-23 11:25:52,670 - INFO - Inserted purchase: ('Stephanie Barron', 'Tablet', 1066.0, datetime.datetime(2026, 2, 23, 11, 25, 52, 21530))
2026-02-23 11:25:56,139 - INFO - Inserted purchase: ('Joseph Brown', 'Headphones', 552.84, datetime.datetime(2026, 2, 23, 11, 25, 55, 671191))
2026-02-23 11:25:59,619 - INFO - Inserted purchase: ('Crystal Barnes', 'Tablet', 170.25, datetime.datetime(2026, 2, 23, 11, 25, 59, 140565))
2026-02-23 11:26:03,076 - INFO - Inserted purchase: ('Patrick Fletcher', 'Laptop', 1336.53, datetime.datetime(2026, 2, 23, 11, 26, 2, 620524))
2026-02-23 11:26:06,461 - INFO - Inserted purchase: ('Kathleen Smith', 'Laptop', 452.78, datetime.datetime(2026, 2, 23, 11, 26, 6, 77381))
2026-02-23 11:26:09,895 - INFO - Inserted purchase: ('Christopher Blair', 'Phone', 1345.43, datetime.datetime(2026, 2, 23, 11, 26, 9, 462970))
2026-02-23 11:26:13,297 - INFO - Inserted purchase: ('Margaret Johnson', 'Laptop', 1361.77, datetime.datetime(2026, 2, 23, 11, 26, 12, 896665))
